node1	node2	score	edge_type
AT1G01060	AT1G04400	1	AT-UU-RE-00-AA-01
AT4G21330	AT3G28470	1	AT-UU-RE-00-AA-01
AT4G24470	AT1G24260	1	AT-UU-RE-00-AA-01
AT4G24470	AT1G10550	1	AT-UU-RE-00-AA-01
AT4G24240	AT2G14610	1	AT-UU-RE-00-AA-01
AT4G24020	AT1G08100	1	AT-UU-RE-00-AA-01
AT4G23550	AT2G19190	1	AT-UU-RE-00-AA-01
AT4G21750	AT2G42840	1	AT-UU-RE-00-AA-01
AT4G21330	AT5G22260	1	AT-UU-RE-00-AA-01
AT4G21330	AT3G51590	1	AT-UU-RE-00-AA-01
AT4G21330	AT3G23770	1	AT-UU-RE-00-AA-01
AT4G24470	AT3G23730	1	AT-UU-RE-00-AA-01
AT4G21330	AT2G16910	1	AT-UU-RE-00-AA-01
AT4G20380	AT5G61900	1	AT-UU-RE-00-AA-01
AT4G20380	AT1G20630	1	AT-UU-RE-00-AA-01
AT4G20380	AT1G19250	1	AT-UU-RE-00-AA-01
AT4G20380	AT1G08830	1	AT-UU-RE-00-AA-01
AT4G18960	AT5G14010	1	AT-UU-RE-00-AA-01
AT4G18960	AT4G36920	1	AT-UU-RE-00-AA-01
AT4G18960	AT4G32980	1	AT-UU-RE-00-AA-01
AT4G24470	AT1G32170	1	AT-UU-RE-00-AA-01
AT4G24470	AT4G14130	1	AT-UU-RE-00-AA-01
AT4G18960	AT4G27330	1	AT-UU-RE-00-AA-01
AT4G25470	AT2G39030	1	AT-UU-RE-00-AA-01
AT4G25480	AT1G09350	1	AT-UU-RE-00-AA-01
AT4G25470	AT5G52310	1	AT-UU-RE-00-AA-01
AT4G25470	AT5G17490	1	AT-UU-RE-00-AA-01
AT4G25470	AT5G15960	1	AT-UU-RE-00-AA-01
AT4G25470	AT4G25490	1	AT-UU-RE-00-AA-01
AT4G25470	AT4G25480	1	AT-UU-RE-00-AA-01
AT4G25470	AT3G50970	1	AT-UU-RE-00-AA-01
AT4G25470	AT2G42540	1	AT-UU-RE-00-AA-01
AT4G25470	AT1G77120	1	AT-UU-RE-00-AA-01
AT4G24540	AT1G24260	1	AT-UU-RE-00-AA-01
AT4G25470	AT1G46768	1	AT-UU-RE-00-AA-01
AT4G25470	AT1G43160	1	AT-UU-RE-00-AA-01
AT4G25470	AT1G32640	1	AT-UU-RE-00-AA-01
AT4G25470	AT1G13260	1	AT-UU-RE-00-AA-01
AT4G25470	AT1G04240	1	AT-UU-RE-00-AA-01
AT4G24540	AT5G61850	1	AT-UU-RE-00-AA-01
AT4G24540	AT4G18960	1	AT-UU-RE-00-AA-01
AT4G24540	AT2G45660	1	AT-UU-RE-00-AA-01
AT4G18960	AT4G28520	1	AT-UU-RE-00-AA-01
AT4G18960	AT3G54340	1	AT-UU-RE-00-AA-01
AT4G25480	AT1G20450	1	AT-UU-RE-00-AA-01
AT4G08150	AT4G25420	1	AT-UU-RE-00-AA-01
AT4G09820	AT5G42800	1	AT-UU-RE-00-AA-01
AT4G09820	AT2G37260	1	AT-UU-RE-00-AA-01
AT4G09820	AT2G23580	1	AT-UU-RE-00-AA-01
AT4G09820	AT2G23550	1	AT-UU-RE-00-AA-01
AT4G09820	AT1G79840	1	AT-UU-RE-00-AA-01
AT4G09820	AT1G71030	1	AT-UU-RE-00-AA-01
AT4G09820	AT1G61720	1	AT-UU-RE-00-AA-01
AT4G08150	AT5G63090	1	AT-UU-RE-00-AA-01
AT4G04450	AT3G23430	1	AT-UU-RE-00-AA-01
AT4G09960	AT2G42830	1	AT-UU-RE-00-AA-01
AT4G02560	AT5G61850	1	AT-UU-RE-00-AA-01
AT4G02560	AT5G10140	1	AT-UU-RE-00-AA-01
AT4G02560	AT2G45660	1	AT-UU-RE-00-AA-01
AT4G01540	AT4G34160	1	AT-UU-RE-00-AA-01
AT4G01540	AT1G49620	1	AT-UU-RE-00-AA-01
AT4G01250	AT4G23550	1	AT-UU-RE-00-AA-01
AT4G01250	AT2G19190	1	AT-UU-RE-00-AA-01
AT4G00220	AT5G67260	1	AT-UU-RE-00-AA-01
AT4G09960	AT1G24260	1	AT-UU-RE-00-AA-01
AT4G09960	AT3G58780	1	AT-UU-RE-00-AA-01
AT4G18960	AT3G23130	1	AT-UU-RE-00-AA-01
AT4G17750	AT2G47180	1	AT-UU-RE-00-AA-01
AT4G18960	AT2G44810	1	AT-UU-RE-00-AA-01
AT4G18960	AT2G17950	1	AT-UU-RE-00-AA-01
AT4G18960	AT1G69180	1	AT-UU-RE-00-AA-01
AT4G18960	AT1G69120	1	AT-UU-RE-00-AA-01
AT4G18960	AT1G68640	1	AT-UU-RE-00-AA-01
AT4G18960	AT1G24260	1	AT-UU-RE-00-AA-01
AT4G18960	AT1G15550	1	AT-UU-RE-00-AA-01
AT4G17750	AT5G12030	1	AT-UU-RE-00-AA-01
AT4G17750	AT2G22240	1	AT-UU-RE-00-AA-01
AT4G09960	AT4G18960	1	AT-UU-RE-00-AA-01
AT4G17750	AT1G56600	1	AT-UU-RE-00-AA-01
AT4G16780	AT1G02340	1	AT-UU-RE-00-AA-01
AT4G16110	AT5G62920	1	AT-UU-RE-00-AA-01
AT4G16110	AT3G23240	1	AT-UU-RE-00-AA-01
AT4G15090	AT5G02200	1	AT-UU-RE-00-AA-01
AT4G15090	AT3G22170	1	AT-UU-RE-00-AA-01
AT4G15090	AT2G40080	1	AT-UU-RE-00-AA-01
AT4G15090	AT2G37678	1	AT-UU-RE-00-AA-01
AT4G25480	AT1G20440	1	AT-UU-RE-00-AA-01
AT4G25480	AT1G20620	1	AT-UU-RE-00-AA-01
AT4G00220	AT4G08150	1	AT-UU-RE-00-AA-01
AT4G28610	AT3G09922	1	AT-UU-RE-00-AA-01
AT4G31550	AT3G45140	1	AT-UU-RE-00-AA-01
AT4G31550	AT2G40750	1	AT-UU-RE-00-AA-01
AT4G31550	AT2G24570	1	AT-UU-RE-00-AA-01
AT4G30080	AT3G11260	1	AT-UU-RE-00-AA-01
AT4G28610	AT5G24770	1	AT-UU-RE-00-AA-01
AT4G28610	AT5G20150	1	AT-UU-RE-00-AA-01
AT4G28610	AT3G52190	1	AT-UU-RE-00-AA-01
AT4G28610	AT3G23430	1	AT-UU-RE-00-AA-01
AT4G28610	AT2G45130	1	AT-UU-RE-00-AA-01
AT4G31550	AT5G42650	1	AT-UU-RE-00-AA-01
AT4G28610	AT2G33770	1	AT-UU-RE-00-AA-01
AT4G28610	AT2G02990	1	AT-UU-RE-00-AA-01
AT4G28110	AT5G14340	1	AT-UU-RE-00-AA-01
AT4G28110	AT4G05100	1	AT-UU-RE-00-AA-01
AT4G27410	AT5G51070	1	AT-UU-RE-00-AA-01
AT4G27410	AT2G33380	1	AT-UU-RE-00-AA-01
AT4G27330	AT5G65700	1	AT-UU-RE-00-AA-01
AT4G27330	AT5G25620	1	AT-UU-RE-00-AA-01
AT4G31550	AT3G56400	1	AT-UU-RE-00-AA-01
AT4G31800	AT1G64280	1	AT-UU-RE-00-AA-01
AT4G27330	AT4G39400	1	AT-UU-RE-00-AA-01
AT4G34000	AT5G52300	1	AT-UU-RE-00-AA-01
AT4G36730	AT4G35090	1	AT-UU-RE-00-AA-01
AT4G36730	AT4G10040	1	AT-UU-RE-00-AA-01
AT4G36730	AT1G29930	1	AT-UU-RE-00-AA-01
AT4G35900	AT1G69120	1	AT-UU-RE-00-AA-01
AT4G34990	AT5G42800	1	AT-UU-RE-00-AA-01
AT4G34990	AT4G22880	1	AT-UU-RE-00-AA-01
AT4G34590	AT3G47340	1	AT-UU-RE-00-AA-01
AT4G34590	AT3G30775	1	AT-UU-RE-00-AA-01
AT4G34000	AT3G12580	1	AT-UU-RE-00-AA-01
AT4G31800	AT1G75040	1	AT-UU-RE-00-AA-01
AT4G34000	AT3G11410	1	AT-UU-RE-00-AA-01
AT4G32980	AT5G10140	1	AT-UU-RE-00-AA-01
AT4G32980	AT3G15170	1	AT-UU-RE-00-AA-01
AT4G32880	AT4G37650	1	AT-UU-RE-00-AA-01
AT4G32730	AT1G08560	1	AT-UU-RE-00-AA-01
AT4G31920	AT5G62920	1	AT-UU-RE-00-AA-01
AT4G31800	AT4G00340	1	AT-UU-RE-00-AA-01
AT4G31800	AT2G14610	1	AT-UU-RE-00-AA-01
AT4G27330	AT5G07280	1	AT-UU-RE-00-AA-01
AT4G27330	AT4G36920	1	AT-UU-RE-00-AA-01
AT4G25480	AT1G43160	1	AT-UU-RE-00-AA-01
AT4G25480	AT5G17490	1	AT-UU-RE-00-AA-01
AT4G25490	AT1G46768	1	AT-UU-RE-00-AA-01
AT4G25490	AT1G43160	1	AT-UU-RE-00-AA-01
AT4G25490	AT1G20630	1	AT-UU-RE-00-AA-01
AT4G25490	AT1G20440	1	AT-UU-RE-00-AA-01
AT4G25490	AT1G15550	1	AT-UU-RE-00-AA-01
AT4G25490	AT1G02400	1	AT-UU-RE-00-AA-01
AT4G25480	AT5G52310	1	AT-UU-RE-00-AA-01
AT4G25480	AT5G25610	1	AT-UU-RE-00-AA-01
AT4G25480	AT5G15970	1	AT-UU-RE-00-AA-01
AT4G25490	AT2G42540	1	AT-UU-RE-00-AA-01
AT4G25480	AT5G15960	1	AT-UU-RE-00-AA-01
AT4G25480	AT3G50970	1	AT-UU-RE-00-AA-01
AT4G25480	AT3G12580	1	AT-UU-RE-00-AA-01
AT4G25480	AT3G11410	1	AT-UU-RE-00-AA-01
AT4G25480	AT2G42540	1	AT-UU-RE-00-AA-01
AT4G25480	AT2G42530	1	AT-UU-RE-00-AA-01
AT4G25480	AT2G15050	1	AT-UU-RE-00-AA-01
AT4G25480	AT1G46768	1	AT-UU-RE-00-AA-01
AT4G25490	AT2G34555	1	AT-UU-RE-00-AA-01
AT4G25490	AT3G50970	1	AT-UU-RE-00-AA-01
AT4G27330	AT4G32540	1	AT-UU-RE-00-AA-01
AT4G26150	AT4G30270	1	AT-UU-RE-00-AA-01
AT4G27330	AT4G21750	1	AT-UU-RE-00-AA-01
AT4G27330	AT4G13260	1	AT-UU-RE-00-AA-01
AT4G27330	AT2G17950	1	AT-UU-RE-00-AA-01
AT4G27330	AT1G24260	1	AT-UU-RE-00-AA-01
AT4G27330	AT1G23420	1	AT-UU-RE-00-AA-01
AT4G26150	AT5G26340	1	AT-UU-RE-00-AA-01
AT4G26150	AT4G35770	1	AT-UU-RE-00-AA-01
AT4G26150	AT4G29130	1	AT-UU-RE-00-AA-01
AT4G25490	AT3G55610	1	AT-UU-RE-00-AA-01
AT4G26150	AT2G29350	1	AT-UU-RE-00-AA-01
AT4G26150	AT2G15890	1	AT-UU-RE-00-AA-01
AT4G26150	AT1G57990	1	AT-UU-RE-00-AA-01
AT4G25530	AT1G69120	1	AT-UU-RE-00-AA-01
AT4G25490	AT5G52310	1	AT-UU-RE-00-AA-01
AT4G25490	AT5G17490	1	AT-UU-RE-00-AA-01
AT4G25490	AT5G15970	1	AT-UU-RE-00-AA-01
AT4G25490	AT5G15960	1	AT-UU-RE-00-AA-01
AT4G00220	AT4G34160	1	AT-UU-RE-00-AA-01
AT4G00220	AT2G37630	1	AT-UU-RE-00-AA-01
AT4G36920	AT1G69180	1	AT-UU-RE-00-AA-01
AT3G26744	AT4G25480	1	AT-UU-RE-00-AA-01
AT3G26790	AT1G80340	1	AT-UU-RE-00-AA-01
AT3G26790	AT1G69180	1	AT-UU-RE-00-AA-01
AT3G26790	AT1G62290	1	AT-UU-RE-00-AA-01
AT3G26790	AT1G15550	1	AT-UU-RE-00-AA-01
AT3G26790	AT1G06180	1	AT-UU-RE-00-AA-01
AT3G26744	AT5G53210	1	AT-UU-RE-00-AA-01
AT3G26744	AT5G52310	1	AT-UU-RE-00-AA-01
AT3G26744	AT4G25490	1	AT-UU-RE-00-AA-01
AT3G26744	AT4G25470	1	AT-UU-RE-00-AA-01
AT3G26790	AT2G41260	1	AT-UU-RE-00-AA-01
AT3G26744	AT3G61190	1	AT-UU-RE-00-AA-01
AT3G26744	AT3G23250	1	AT-UU-RE-00-AA-01
AT3G26744	AT2G42540	1	AT-UU-RE-00-AA-01
AT3G25710	AT5G42800	1	AT-UU-RE-00-AA-01
AT3G24650	AT5G67030	1	AT-UU-RE-00-AA-01
AT3G24650	AT5G66400	1	AT-UU-RE-00-AA-01
AT3G24650	AT5G65165	1	AT-UU-RE-00-AA-01
AT3G24650	AT5G56270	1	AT-UU-RE-00-AA-01
AT3G26790	AT2G40170	1	AT-UU-RE-00-AA-01
AT3G26790	AT3G24650	1	AT-UU-RE-00-AA-01
AT3G24650	AT5G52310	1	AT-UU-RE-00-AA-01
AT3G27920	AT1G79840	1	AT-UU-RE-00-AA-01
AT3G28910	AT1G04220	1	AT-UU-RE-00-AA-01
AT3G28910	AT1G02205	1	AT-UU-RE-00-AA-01
AT3G28910	AT1G01120	1	AT-UU-RE-00-AA-01
AT3G28470	AT5G56110	1	AT-UU-RE-00-AA-01
AT3G27920	AT5G53200	1	AT-UU-RE-00-AA-01
AT3G27920	AT4G01060	1	AT-UU-RE-00-AA-01
AT3G27920	AT2G46410	1	AT-UU-RE-00-AA-01
AT3G27920	AT2G37260	1	AT-UU-RE-00-AA-01
AT3G27920	AT1G01380	1	AT-UU-RE-00-AA-01
AT3G26790	AT3G51810	1	AT-UU-RE-00-AA-01
AT3G27810	AT3G22370	1	AT-UU-RE-00-AA-01
AT3G27810	AT3G06490	1	AT-UU-RE-00-AA-01
AT3G27785	AT1G21970	1	AT-UU-RE-00-AA-01
AT3G26790	AT5G67300	1	AT-UU-RE-00-AA-01
AT3G26790	AT5G66400	1	AT-UU-RE-00-AA-01
AT3G26790	AT5G65165	1	AT-UU-RE-00-AA-01
AT3G26790	AT5G24520	1	AT-UU-RE-00-AA-01
AT3G26790	AT4G27160	1	AT-UU-RE-00-AA-01
AT3G24650	AT5G54070	1	AT-UU-RE-00-AA-01
AT3G24650	AT5G03840	1	AT-UU-RE-00-AA-01
AT3G28910	AT2G26250	1	AT-UU-RE-00-AA-01
AT3G20770	AT4G27440	1	AT-UU-RE-00-AA-01
AT3G22170	AT5G02200	1	AT-UU-RE-00-AA-01
AT3G22170	AT2G40080	1	AT-UU-RE-00-AA-01
AT3G22170	AT2G37678	1	AT-UU-RE-00-AA-01
AT3G20770	AT5G54190	1	AT-UU-RE-00-AA-01
AT3G20770	AT5G47230	1	AT-UU-RE-00-AA-01
AT3G20770	AT5G47220	1	AT-UU-RE-00-AA-01
AT3G20770	AT5G44420	1	AT-UU-RE-00-AA-01
AT3G20770	AT5G25350	1	AT-UU-RE-00-AA-01
AT3G20770	AT3G23240	1	AT-UU-RE-00-AA-01
AT3G23130	AT2G17950	1	AT-UU-RE-00-AA-01
AT3G20770	AT3G12500	1	AT-UU-RE-00-AA-01
AT3G20770	AT2G25490	1	AT-UU-RE-00-AA-01
AT3G20770	AT2G19590	1	AT-UU-RE-00-AA-01
AT3G20770	AT1G74710	1	AT-UU-RE-00-AA-01
AT3G20770	AT1G62380	1	AT-UU-RE-00-AA-01
AT3G20310	AT5G44420	1	AT-UU-RE-00-AA-01
AT3G19290	AT5G52300	1	AT-UU-RE-00-AA-01
AT3G18990	AT5G10140	1	AT-UU-RE-00-AA-01
AT3G23130	AT1G23420	1	AT-UU-RE-00-AA-01
AT3G23130	AT3G54340	1	AT-UU-RE-00-AA-01
AT3G24650	AT4G34000	1	AT-UU-RE-00-AA-01
AT3G24650	AT3G06120	1	AT-UU-RE-00-AA-01
AT3G24650	AT4G27160	1	AT-UU-RE-00-AA-01
AT3G24650	AT4G27140	1	AT-UU-RE-00-AA-01
AT3G24650	AT4G16160	1	AT-UU-RE-00-AA-01
AT3G24650	AT3G51810	1	AT-UU-RE-00-AA-01
AT3G24650	AT3G22370	1	AT-UU-RE-00-AA-01
AT3G24650	AT3G19290	1	AT-UU-RE-00-AA-01
AT3G24650	AT3G11410	1	AT-UU-RE-00-AA-01
AT3G24650	AT3G03450	1	AT-UU-RE-00-AA-01
AT3G23130	AT5G20240	1	AT-UU-RE-00-AA-01
AT3G24650	AT2G40170	1	AT-UU-RE-00-AA-01
AT3G24650	AT2G36270	1	AT-UU-RE-00-AA-01
AT3G24650	AT1G69180	1	AT-UU-RE-00-AA-01
AT3G24650	AT1G45249	1	AT-UU-RE-00-AA-01
AT3G24650	AT1G03790	1	AT-UU-RE-00-AA-01
AT3G23250	AT4G25490	1	AT-UU-RE-00-AA-01
AT3G23250	AT4G25480	1	AT-UU-RE-00-AA-01
AT3G23250	AT4G25470	1	AT-UU-RE-00-AA-01
AT3G28910	AT1G74710	1	AT-UU-RE-00-AA-01
AT3G28910	AT4G33790	1	AT-UU-RE-00-AA-01
AT4G00220	AT2G01420	1	AT-UU-RE-00-AA-01
AT3G56400	AT2G18660	1	AT-UU-RE-00-AA-01
AT3G59060	AT2G22810	1	AT-UU-RE-00-AA-01
AT3G58780	AT5G67110	1	AT-UU-RE-00-AA-01
AT3G58780	AT4G00120	1	AT-UU-RE-00-AA-01
AT3G58070	AT5G41315	1	AT-UU-RE-00-AA-01
AT3G58070	AT3G27920	1	AT-UU-RE-00-AA-01
AT3G56400	AT5G44420	1	AT-UU-RE-00-AA-01
AT3G56400	AT4G24240	1	AT-UU-RE-00-AA-01
AT3G56400	AT3G57260	1	AT-UU-RE-00-AA-01
AT3G56400	AT2G14610	1	AT-UU-RE-00-AA-01
AT3G59060	AT5G35840	1	AT-UU-RE-00-AA-01
AT3G56400	AT2G14560	1	AT-UU-RE-00-AA-01
AT3G56400	AT1G75040	1	AT-UU-RE-00-AA-01
AT3G56400	AT1G19670	1	AT-UU-RE-00-AA-01
AT3G55370	AT5G53450	1	AT-UU-RE-00-AA-01
AT3G55370	AT3G56980	1	AT-UU-RE-00-AA-01
AT3G55370	AT3G56970	1	AT-UU-RE-00-AA-01
AT3G54620	AT3G30775	1	AT-UU-RE-00-AA-01
AT3G54340	AT5G56860	1	AT-UU-RE-00-AA-01
AT3G59060	AT4G37770	1	AT-UU-RE-00-AA-01
AT3G61850	AT1G15550	1	AT-UU-RE-00-AA-01
AT3G54340	AT5G20240	1	AT-UU-RE-00-AA-01
AT4G00120	AT4G36930	1	AT-UU-RE-00-AA-01
AT4G00220	AT1G73590	1	AT-UU-RE-00-AA-01
AT4G00220	AT1G70940	1	AT-UU-RE-00-AA-01
AT4G00220	AT1G62360	1	AT-UU-RE-00-AA-01
AT4G00220	AT1G23080	1	AT-UU-RE-00-AA-01
AT4G00180	AT5G60910	1	AT-UU-RE-00-AA-01
AT4G00180	AT1G65620	1	AT-UU-RE-00-AA-01
AT4G00180	AT1G62360	1	AT-UU-RE-00-AA-01
AT4G00120	ATMG00160	1	AT-UU-RE-00-AA-01
AT4G00120	AT3G57510	1	AT-UU-RE-00-AA-01
AT3G61890	AT4G25420	1	AT-UU-RE-00-AA-01
AT3G62420	AT5G65165	1	AT-UU-RE-00-AA-01
AT3G62420	AT3G30775	1	AT-UU-RE-00-AA-01
AT3G61910	AT5G56110	1	AT-UU-RE-00-AA-01
AT3G61910	AT5G12870	1	AT-UU-RE-00-AA-01
AT3G61910	AT1G79180	1	AT-UU-RE-00-AA-01
AT3G61910	AT1G62990	1	AT-UU-RE-00-AA-01
AT3G61910	AT1G28470	1	AT-UU-RE-00-AA-01
AT3G61910	AT1G16490	1	AT-UU-RE-00-AA-01
AT3G54340	AT5G26340	1	AT-UU-RE-00-AA-01
AT3G54340	AT4G35770	1	AT-UU-RE-00-AA-01
AT3G44750	AT2G34710	1	AT-UU-RE-00-AA-01
AT3G48430	AT5G57560	1	AT-UU-RE-00-AA-01
AT3G51060	AT4G27260	1	AT-UU-RE-00-AA-01
AT3G51060	AT4G01500	1	AT-UU-RE-00-AA-01
AT3G51060	AT2G23170	1	AT-UU-RE-00-AA-01
AT3G51060	AT1G59500	1	AT-UU-RE-00-AA-01
AT3G50410	AT2G47730	1	AT-UU-RE-00-AA-01
AT3G50410	AT2G02820	1	AT-UU-RE-00-AA-01
AT3G50410	AT1G49620	1	AT-UU-RE-00-AA-01
AT3G49940	AT4G09820	1	AT-UU-RE-00-AA-01
AT3G48430	AT5G10140	1	AT-UU-RE-00-AA-01
AT3G51060	AT5G11320	1	AT-UU-RE-00-AA-01
AT3G48160	AT4G11920	1	AT-UU-RE-00-AA-01
AT3G46640	AT5G61380	1	AT-UU-RE-00-AA-01
AT3G46640	AT2G46830	1	AT-UU-RE-00-AA-01
AT3G46640	AT2G40080	1	AT-UU-RE-00-AA-01
AT3G46640	AT1G22770	1	AT-UU-RE-00-AA-01
AT3G46640	AT1G01060	1	AT-UU-RE-00-AA-01
AT3G44750	AT4G37870	1	AT-UU-RE-00-AA-01
AT3G44750	AT2G45190	1	AT-UU-RE-00-AA-01
AT3G51060	AT4G37390	1	AT-UU-RE-00-AA-01
AT3G51060	AT5G54510	1	AT-UU-RE-00-AA-01
AT3G54340	AT4G30270	1	AT-UU-RE-00-AA-01
AT3G54340	AT1G57990	1	AT-UU-RE-00-AA-01
AT3G54340	AT4G29130	1	AT-UU-RE-00-AA-01
AT3G54340	AT4G26150	1	AT-UU-RE-00-AA-01
AT3G54340	AT2G29350	1	AT-UU-RE-00-AA-01
AT3G54340	AT2G15890	1	AT-UU-RE-00-AA-01
AT3G54340	AT1G69490	1	AT-UU-RE-00-AA-01
AT3G54340	AT1G69180	1	AT-UU-RE-00-AA-01
AT3G54340	AT1G69120	1	AT-UU-RE-00-AA-01
AT3G54320	AT5G52920	1	AT-UU-RE-00-AA-01
AT3G54220	AT1G03840	1	AT-UU-RE-00-AA-01
AT3G54320	AT5G49190	1	AT-UU-RE-00-AA-01
AT3G54320	AT5G15530	1	AT-UU-RE-00-AA-01
AT3G54320	AT3G24650	1	AT-UU-RE-00-AA-01
AT3G54320	AT3G22960	1	AT-UU-RE-00-AA-01
AT3G54320	AT2G43360	1	AT-UU-RE-00-AA-01
AT3G54320	AT2G40170	1	AT-UU-RE-00-AA-01
AT3G54220	AT5G03150	1	AT-UU-RE-00-AA-01
AT3G54220	AT3G12280	1	AT-UU-RE-00-AA-01
AT4G36870	AT4G08150	1	AT-UU-RE-00-AA-01
AT4G36920	AT1G79840	1	AT-UU-RE-00-AA-01
AT1G01060	AT1G22770	1	AT-UU-RE-00-AA-01
AT5G41315	AT5G08640	1	AT-UU-RE-00-AA-01
AT5G43270	AT4G13260	1	AT-UU-RE-00-AA-01
AT5G42630	AT1G73590	1	AT-UU-RE-00-AA-01
AT5G42630	AT1G23420	1	AT-UU-RE-00-AA-01
AT5G41410	AT4G18960	1	AT-UU-RE-00-AA-01
AT5G41410	AT2G17950	1	AT-UU-RE-00-AA-01
AT5G41410	AT1G23420	1	AT-UU-RE-00-AA-01
AT5G41315	AT5G53200	1	AT-UU-RE-00-AA-01
AT5G41315	AT5G13930	1	AT-UU-RE-00-AA-01
AT5G41315	AT4G22880	1	AT-UU-RE-00-AA-01
AT5G45980	AT2G17950	1	AT-UU-RE-00-AA-01
AT5G41315	AT4G09820	1	AT-UU-RE-00-AA-01
AT5G41315	AT4G01060	1	AT-UU-RE-00-AA-01
AT5G41315	AT2G46410	1	AT-UU-RE-00-AA-01
AT5G41315	AT2G37260	1	AT-UU-RE-00-AA-01
AT5G41315	AT1G79840	1	AT-UU-RE-00-AA-01
AT5G41315	AT1G01380	1	AT-UU-RE-00-AA-01
AT5G40360	AT1G21970	1	AT-UU-RE-00-AA-01
AT5G40350	AT3G06490	1	AT-UU-RE-00-AA-01
AT5G43270	AT5G25620	1	AT-UU-RE-00-AA-01
AT5G45980	AT3G11260	1	AT-UU-RE-00-AA-01
AT5G40330	AT2G46410	1	AT-UU-RE-00-AA-01
AT5G52830	AT1G37130	1	AT-UU-RE-00-AA-01
AT5G53950	AT1G23380	1	AT-UU-RE-00-AA-01
AT5G53200	AT5G65930	1	AT-UU-RE-00-AA-01
AT5G53200	AT2G37260	1	AT-UU-RE-00-AA-01
AT5G53200	AT2G02480	1	AT-UU-RE-00-AA-01
AT5G53200	AT1G79840	1	AT-UU-RE-00-AA-01
AT5G52830	AT5G65010	1	AT-UU-RE-00-AA-01
AT5G52830	AT1G77760	1	AT-UU-RE-00-AA-01
AT5G51990	AT5G52310	1	AT-UU-RE-00-AA-01
AT5G45980	AT5G59340	1	AT-UU-RE-00-AA-01
AT5G51990	AT2G42540	1	AT-UU-RE-00-AA-01
AT5G48670	AT5G04560	1	AT-UU-RE-00-AA-01
AT5G48670	AT1G22015	1	AT-UU-RE-00-AA-01
AT5G47220	AT5G44420	1	AT-UU-RE-00-AA-01
AT5G47220	AT3G55730	1	AT-UU-RE-00-AA-01
AT5G47220	AT3G04720	1	AT-UU-RE-00-AA-01
AT5G47220	AT1G72260	1	AT-UU-RE-00-AA-01
AT5G47220	AT1G06160	1	AT-UU-RE-00-AA-01
AT5G40330	AT5G53200	1	AT-UU-RE-00-AA-01
AT5G40330	AT1G79840	1	AT-UU-RE-00-AA-01
AT5G53950	AT1G62360	1	AT-UU-RE-00-AA-01
AT5G20730	AT4G14550	1	AT-UU-RE-00-AA-01
AT5G22220	AT5G24330	1	AT-UU-RE-00-AA-01
AT5G22220	AT3G54180	1	AT-UU-RE-00-AA-01
AT5G22220	AT2G40550	1	AT-UU-RE-00-AA-01
AT5G21120	AT3G23240	1	AT-UU-RE-00-AA-01
AT5G20730	AT4G37650	1	AT-UU-RE-00-AA-01
AT5G20730	AT4G37390	1	AT-UU-RE-00-AA-01
AT5G20730	AT4G27260	1	AT-UU-RE-00-AA-01
AT5G20730	AT4G14560	1	AT-UU-RE-00-AA-01
AT5G20730	AT3G58190	1	AT-UU-RE-00-AA-01
AT5G23000	AT1G07890	1	AT-UU-RE-00-AA-01
AT5G20730	AT3G50340	1	AT-UU-RE-00-AA-01
AT5G20730	AT3G20840	1	AT-UU-RE-00-AA-01
AT5G20730	AT3G15540	1	AT-UU-RE-00-AA-01
AT5G20730	AT2G45420	1	AT-UU-RE-00-AA-01
AT5G20730	AT2G42430	1	AT-UU-RE-00-AA-01
AT5G20730	AT1G19220	1	AT-UU-RE-00-AA-01
AT5G20730	AT1G04240	1	AT-UU-RE-00-AA-01
AT5G20240	AT5G56860	1	AT-UU-RE-00-AA-01
AT5G22570	AT2G14610	1	AT-UU-RE-00-AA-01
AT5G23000	AT1G19570	1	AT-UU-RE-00-AA-01
AT5G37260	AT5G15840	1	AT-UU-RE-00-AA-01
AT5G35550	AT4G22880	1	AT-UU-RE-00-AA-01
AT5G37260	AT2G46830	1	AT-UU-RE-00-AA-01
AT5G37260	AT1G65480	1	AT-UU-RE-00-AA-01
AT5G37260	AT1G01060	1	AT-UU-RE-00-AA-01
AT5G37020	AT5G54510	1	AT-UU-RE-00-AA-01
AT5G37020	AT2G44810	1	AT-UU-RE-00-AA-01
AT5G37020	AT1G28130	1	AT-UU-RE-00-AA-01
AT5G35770	AT4G18960	1	AT-UU-RE-00-AA-01
AT5G35550	AT5G42800	1	AT-UU-RE-00-AA-01
AT5G35550	AT4G09820	1	AT-UU-RE-00-AA-01
AT5G23000	AT2G37630	1	AT-UU-RE-00-AA-01
AT5G35550	AT3G59030	1	AT-UU-RE-00-AA-01
AT5G35550	AT2G37260	1	AT-UU-RE-00-AA-01
AT5G35550	AT1G79840	1	AT-UU-RE-00-AA-01
AT5G35550	AT1G61720	1	AT-UU-RE-00-AA-01
AT5G26660	AT3G22370	1	AT-UU-RE-00-AA-01
AT5G23260	AT1G61720	1	AT-UU-RE-00-AA-01
AT5G23000	AT5G53950	1	AT-UU-RE-00-AA-01
AT5G23000	AT4G37750	1	AT-UU-RE-00-AA-01
AT5G53950	AT1G55580	1	AT-UU-RE-00-AA-01
AT5G53950	AT1G76420	1	AT-UU-RE-00-AA-01
AT5G20240	AT4G35770	1	AT-UU-RE-00-AA-01
AT5G62000	AT4G11280	1	AT-UU-RE-00-AA-01
AT5G62000	AT2G33310	1	AT-UU-RE-00-AA-01
AT5G62000	AT1G01480	1	AT-UU-RE-00-AA-01
AT5G61850	AT5G51600	1	AT-UU-RE-00-AA-01
AT5G61850	AT5G20240	1	AT-UU-RE-00-AA-01
AT5G61850	AT5G11530	1	AT-UU-RE-00-AA-01
AT5G61850	AT5G03840	1	AT-UU-RE-00-AA-01
AT5G61850	AT5G03790	1	AT-UU-RE-00-AA-01
AT5G61850	AT4G18960	1	AT-UU-RE-00-AA-01
AT5G62000	AT4G37770	1	AT-UU-RE-00-AA-01
AT5G61850	AT3G61250	1	AT-UU-RE-00-AA-01
AT5G61850	AT3G54340	1	AT-UU-RE-00-AA-01
AT5G61850	AT3G23130	1	AT-UU-RE-00-AA-01
AT5G61850	AT1G76420	1	AT-UU-RE-00-AA-01
AT5G61850	AT1G69180	1	AT-UU-RE-00-AA-01
AT5G61850	AT1G69120	1	AT-UU-RE-00-AA-01
AT5G61850	AT1G68480	1	AT-UU-RE-00-AA-01
AT5G61850	AT1G52880	1	AT-UU-RE-00-AA-01
AT5G62000	AT4G37750	1	AT-UU-RE-00-AA-01
AT5G62000	AT5G25890	1	AT-UU-RE-00-AA-01
AT5G61420	AT5G23010	1	AT-UU-RE-00-AA-01
AT5G66870	AT1G70510	1	AT-UU-RE-00-AA-01
AT5G67300	AT5G57050	1	AT-UU-RE-00-AA-01
AT5G67300	AT5G44420	1	AT-UU-RE-00-AA-01
AT5G67300	AT5G03280	1	AT-UU-RE-00-AA-01
AT5G67300	AT4G26080	1	AT-UU-RE-00-AA-01
AT5G67300	AT3G11410	1	AT-UU-RE-00-AA-01
AT5G67300	AT1G72770	1	AT-UU-RE-00-AA-01
AT5G67300	AT1G17550	1	AT-UU-RE-00-AA-01
AT5G66870	AT4G08150	1	AT-UU-RE-00-AA-01
AT5G65050	AT2G45660	1	AT-UU-RE-00-AA-01
AT5G62020	AT5G44420	1	AT-UU-RE-00-AA-01
AT5G62430	AT5G15840	1	AT-UU-RE-00-AA-01
AT5G62430	AT1G65480	1	AT-UU-RE-00-AA-01
AT5G62380	AT5G56110	1	AT-UU-RE-00-AA-01
AT5G62380	AT5G12870	1	AT-UU-RE-00-AA-01
AT5G62380	AT1G79180	1	AT-UU-RE-00-AA-01
AT5G62380	AT1G62990	1	AT-UU-RE-00-AA-01
AT5G62380	AT1G28470	1	AT-UU-RE-00-AA-01
AT5G62380	AT1G16490	1	AT-UU-RE-00-AA-01
AT5G61850	AT1G26310	1	AT-UU-RE-00-AA-01
AT5G61420	AT4G31500	1	AT-UU-RE-00-AA-01
AT5G53950	AT2G31160	1	AT-UU-RE-00-AA-01
AT5G56860	AT2G15890	1	AT-UU-RE-00-AA-01
AT5G59820	AT2G30250	1	AT-UU-RE-00-AA-01
AT5G59820	AT1G07890	1	AT-UU-RE-00-AA-01
AT5G59570	AT2G46830	1	AT-UU-RE-00-AA-01
AT5G56860	AT5G26340	1	AT-UU-RE-00-AA-01
AT5G56860	AT4G35770	1	AT-UU-RE-00-AA-01
AT5G56860	AT4G30270	1	AT-UU-RE-00-AA-01
AT5G56860	AT4G29130	1	AT-UU-RE-00-AA-01
AT5G56860	AT2G29350	1	AT-UU-RE-00-AA-01
AT5G56860	AT1G57990	1	AT-UU-RE-00-AA-01
AT5G59820	AT4G25470	1	AT-UU-RE-00-AA-01
AT5G56270	AT3G51810	1	AT-UU-RE-00-AA-01
AT5G56270	AT2G40170	1	AT-UU-RE-00-AA-01
AT5G56270	AT2G36270	1	AT-UU-RE-00-AA-01
AT5G56110	AT5G22260	1	AT-UU-RE-00-AA-01
AT5G56110	AT3G11980	1	AT-UU-RE-00-AA-01
AT5G54070	AT1G74310	1	AT-UU-RE-00-AA-01
AT5G53950	AT3G23290	1	AT-UU-RE-00-AA-01
AT5G59820	AT3G46090	1	AT-UU-RE-00-AA-01
AT5G59820	AT4G25480	1	AT-UU-RE-00-AA-01
AT5G61420	AT4G13770	1	AT-UU-RE-00-AA-01
AT5G60910	AT5G61850	1	AT-UU-RE-00-AA-01
AT5G61420	AT4G03060	1	AT-UU-RE-00-AA-01
AT5G61420	AT3G57050	1	AT-UU-RE-00-AA-01
AT5G61420	AT3G03780	1	AT-UU-RE-00-AA-01
AT5G61420	AT3G01120	1	AT-UU-RE-00-AA-01
AT5G61420	AT2G20610	1	AT-UU-RE-00-AA-01
AT5G61270	AT4G25490	1	AT-UU-RE-00-AA-01
AT5G61270	AT4G25470	1	AT-UU-RE-00-AA-01
AT5G60910	AT5G67110	1	AT-UU-RE-00-AA-01
AT5G60910	AT4G00120	1	AT-UU-RE-00-AA-01
AT5G59820	AT4G25490	1	AT-UU-RE-00-AA-01
AT5G60910	AT3G58780	1	AT-UU-RE-00-AA-01
AT5G60910	AT2G42830	1	AT-UU-RE-00-AA-01
AT5G60890	AT5G05730	1	AT-UU-RE-00-AA-01
AT5G60890	AT4G39950	1	AT-UU-RE-00-AA-01
AT5G60890	AT4G31500	1	AT-UU-RE-00-AA-01
AT5G60890	AT2G22330	1	AT-UU-RE-00-AA-01
AT5G60890	AT2G20610	1	AT-UU-RE-00-AA-01
AT5G60690	AT2G45450	1	AT-UU-RE-00-AA-01
AT5G20240	AT5G26340	1	AT-UU-RE-00-AA-01
AT5G20240	AT4G30270	1	AT-UU-RE-00-AA-01
AT4G36920	AT2G37260	1	AT-UU-RE-00-AA-01
AT5G05410	AT2G41190	1	AT-UU-RE-00-AA-01
AT5G05410	AT5G59720	1	AT-UU-RE-00-AA-01
AT5G05410	AT5G52310	1	AT-UU-RE-00-AA-01
AT5G05410	AT5G52300	1	AT-UU-RE-00-AA-01
AT5G05410	AT4G33720	1	AT-UU-RE-00-AA-01
AT5G05410	AT3G50970	1	AT-UU-RE-00-AA-01
AT5G05410	AT3G17520	1	AT-UU-RE-00-AA-01
AT5G05410	AT3G12580	1	AT-UU-RE-00-AA-01
AT5G05410	AT2G42540	1	AT-UU-RE-00-AA-01
AT5G05410	AT1G52690	1	AT-UU-RE-00-AA-01
AT5G06100	AT2G16910	1	AT-UU-RE-00-AA-01
AT5G05410	AT1G01470	1	AT-UU-RE-00-AA-01
AT5G04240	AT5G57560	1	AT-UU-RE-00-AA-01
AT5G03790	AT1G26310	1	AT-UU-RE-00-AA-01
AT5G03680	AT5G06070	1	AT-UU-RE-00-AA-01
AT5G02470	AT3G54180	1	AT-UU-RE-00-AA-01
AT5G02470	AT2G29680	1	AT-UU-RE-00-AA-01
AT5G02030	AT5G67110	1	AT-UU-RE-00-AA-01
AT5G06070	AT4G18960	1	AT-UU-RE-00-AA-01
AT5G06100	AT5G61850	1	AT-UU-RE-00-AA-01
AT5G02030	AT4G18960	1	AT-UU-RE-00-AA-01
AT5G07690	AT4G13770	1	AT-UU-RE-00-AA-01
AT5G10140	AT1G65480	1	AT-UU-RE-00-AA-01
AT5G10140	AT1G18330	1	AT-UU-RE-00-AA-01
AT5G10140	AT1G04400	1	AT-UU-RE-00-AA-01
AT5G09750	AT3G57510	1	AT-UU-RE-00-AA-01
AT5G08130	AT4G38850	1	AT-UU-RE-00-AA-01
AT5G07700	AT5G23010	1	AT-UU-RE-00-AA-01
AT5G07690	AT5G61420	1	AT-UU-RE-00-AA-01
AT5G07690	AT5G23010	1	AT-UU-RE-00-AA-01
AT5G07690	AT1G16410	1	AT-UU-RE-00-AA-01
AT5G06650	AT3G27920	1	AT-UU-RE-00-AA-01
AT5G07690	AT1G16400	1	AT-UU-RE-00-AA-01
AT5G07100	AT5G60890	1	AT-UU-RE-00-AA-01
AT5G07100	AT3G55730	1	AT-UU-RE-00-AA-01
AT5G07100	AT1G63650	1	AT-UU-RE-00-AA-01
AT5G06960	AT5G44420	1	AT-UU-RE-00-AA-01
AT5G06960	AT2G14610	1	AT-UU-RE-00-AA-01
AT5G06950	AT5G44420	1	AT-UU-RE-00-AA-01
AT5G06950	AT2G14610	1	AT-UU-RE-00-AA-01
AT5G02030	AT5G61850	1	AT-UU-RE-00-AA-01
AT5G02030	AT4G08150	1	AT-UU-RE-00-AA-01
AT5G10140	AT3G46640	1	AT-UU-RE-00-AA-01
AT4G36930	AT1G15550	1	AT-UU-RE-00-AA-01
AT4G37750	AT1G23420	1	AT-UU-RE-00-AA-01
AT4G37650	AT5G03150	1	AT-UU-RE-00-AA-01
AT4G37650	AT3G54220	1	AT-UU-RE-00-AA-01
AT4G37650	AT1G50420	1	AT-UU-RE-00-AA-01
AT4G37650	AT1G03840	1	AT-UU-RE-00-AA-01
AT4G37540	AT4G09820	1	AT-UU-RE-00-AA-01
AT4G36930	AT4G36260	1	AT-UU-RE-00-AA-01
AT4G36930	AT1G80340	1	AT-UU-RE-00-AA-01
AT4G36920	AT5G49360	1	AT-UU-RE-00-AA-01
AT4G37750	AT2G34710	1	AT-UU-RE-00-AA-01
AT4G36920	AT5G20240	1	AT-UU-RE-00-AA-01
AT4G36920	AT5G03840	1	AT-UU-RE-00-AA-01
AT4G36920	AT3G58780	1	AT-UU-RE-00-AA-01
AT4G36920	AT3G54340	1	AT-UU-RE-00-AA-01
AT4G36920	AT3G23240	1	AT-UU-RE-00-AA-01
AT4G36920	AT3G16770	1	AT-UU-RE-00-AA-01
AT4G36920	AT2G42830	1	AT-UU-RE-00-AA-01
AT4G37750	AT1G69180	1	AT-UU-RE-00-AA-01
AT4G37750	AT2G45190	1	AT-UU-RE-00-AA-01
AT5G02030	AT3G58780	1	AT-UU-RE-00-AA-01
AT4G38620	AT3G53260	1	AT-UU-RE-00-AA-01
AT5G02030	AT2G42830	1	AT-UU-RE-00-AA-01
AT5G02030	AT1G69120	1	AT-UU-RE-00-AA-01
AT5G02030	AT1G26310	1	AT-UU-RE-00-AA-01
AT5G01900	AT5G24770	1	AT-UU-RE-00-AA-01
AT5G01900	AT3G45140	1	AT-UU-RE-00-AA-01
AT5G01900	AT2G14610	1	AT-UU-RE-00-AA-01
AT5G01900	AT1G64280	1	AT-UU-RE-00-AA-01
AT4G38620	AT5G13930	1	AT-UU-RE-00-AA-01
AT4G38620	AT2G30490	1	AT-UU-RE-00-AA-01
AT4G37750	AT3G54340	1	AT-UU-RE-00-AA-01
AT4G38620	AT1G65060	1	AT-UU-RE-00-AA-01
AT4G38620	AT1G51680	1	AT-UU-RE-00-AA-01
AT4G37750	AT5G61850	1	AT-UU-RE-00-AA-01
AT4G37750	AT5G60690	1	AT-UU-RE-00-AA-01
AT4G37750	AT4G34160	1	AT-UU-RE-00-AA-01
AT4G37750	AT4G27330	1	AT-UU-RE-00-AA-01
AT4G37750	AT4G18960	1	AT-UU-RE-00-AA-01
AT4G37750	AT4G00180	1	AT-UU-RE-00-AA-01
AT5G10140	AT2G45660	1	AT-UU-RE-00-AA-01
AT5G10140	AT4G20370	1	AT-UU-RE-00-AA-01
AT5G20240	AT4G29130	1	AT-UU-RE-00-AA-01
AT5G15840	AT4G20370	1	AT-UU-RE-00-AA-01
AT5G16820	AT2G47180	1	AT-UU-RE-00-AA-01
AT5G16820	AT2G22240	1	AT-UU-RE-00-AA-01
AT5G16820	AT1G56600	1	AT-UU-RE-00-AA-01
AT5G16820	AT1G07890	1	AT-UU-RE-00-AA-01
AT5G16560	AT1G73590	1	AT-UU-RE-00-AA-01
AT5G16560	AT1G65620	1	AT-UU-RE-00-AA-01
AT5G15850	AT5G47220	1	AT-UU-RE-00-AA-01
AT5G15840	AT5G61850	1	AT-UU-RE-00-AA-01
AT5G15840	AT3G22231	1	AT-UU-RE-00-AA-01
AT5G16820	AT5G12030	1	AT-UU-RE-00-AA-01
AT5G15840	AT2G45660	1	AT-UU-RE-00-AA-01
AT5G15840	AT2G22630	1	AT-UU-RE-00-AA-01
AT5G15840	AT1G69120	1	AT-UU-RE-00-AA-01
AT5G15840	AT1G65480	1	AT-UU-RE-00-AA-01
AT5G14960	AT5G22220	1	AT-UU-RE-00-AA-01
AT5G14960	AT3G48160	1	AT-UU-RE-00-AA-01
AT5G14960	AT2G36010	1	AT-UU-RE-00-AA-01
AT5G14750	AT5G53200	1	AT-UU-RE-00-AA-01
AT5G16820	AT3G09640	1	AT-UU-RE-00-AA-01
AT5G17300	AT4G28720	1	AT-UU-RE-00-AA-01
AT5G14750	AT4G01060	1	AT-UU-RE-00-AA-01
AT5G20240	AT1G57990	1	AT-UU-RE-00-AA-01
AT5G20240	AT4G26150	1	AT-UU-RE-00-AA-01
AT5G20240	AT2G29350	1	AT-UU-RE-00-AA-01
AT5G20240	AT2G15890	1	AT-UU-RE-00-AA-01
AT5G20240	AT1G69490	1	AT-UU-RE-00-AA-01
AT5G20240	AT1G69180	1	AT-UU-RE-00-AA-01
AT5G20240	AT1G69120	1	AT-UU-RE-00-AA-01
AT5G18830	AT5G59520	1	AT-UU-RE-00-AA-01
AT5G17430	AT3G44750	1	AT-UU-RE-00-AA-01
AT5G18830	AT5G59030	1	AT-UU-RE-00-AA-01
AT5G18830	AT5G24380	1	AT-UU-RE-00-AA-01
AT5G18830	AT3G56240	1	AT-UU-RE-00-AA-01
AT5G18830	AT3G46900	1	AT-UU-RE-00-AA-01
AT5G18830	AT1G23020	1	AT-UU-RE-00-AA-01
AT5G18560	AT5G61850	1	AT-UU-RE-00-AA-01
AT5G17430	AT5G22650	1	AT-UU-RE-00-AA-01
AT5G17430	AT5G03740	1	AT-UU-RE-00-AA-01
AT5G14750	AT5G40330	1	AT-UU-RE-00-AA-01
AT5G14750	AT2G46410	1	AT-UU-RE-00-AA-01
AT5G10140	AT4G35900	1	AT-UU-RE-00-AA-01
AT5G11260	AT2G36270	1	AT-UU-RE-00-AA-01
AT5G11260	AT4G22880	1	AT-UU-RE-00-AA-01
AT5G11260	AT4G15480	1	AT-UU-RE-00-AA-01
AT5G11260	AT4G14550	1	AT-UU-RE-00-AA-01
AT5G11260	AT3G23050	1	AT-UU-RE-00-AA-01
AT5G11260	AT3G22840	1	AT-UU-RE-00-AA-01
AT5G11260	AT2G47460	1	AT-UU-RE-00-AA-01
AT5G11260	AT2G40080	1	AT-UU-RE-00-AA-01
AT5G11260	AT2G37678	1	AT-UU-RE-00-AA-01
AT5G11260	AT1G78600	1	AT-UU-RE-00-AA-01
AT5G11260	AT5G02200	1	AT-UU-RE-00-AA-01
AT5G11260	AT1G67090	1	AT-UU-RE-00-AA-01
AT5G11260	AT1G58290	1	AT-UU-RE-00-AA-01
AT5G11260	AT1G37130	1	AT-UU-RE-00-AA-01
AT5G11260	AT1G29930	1	AT-UU-RE-00-AA-01
AT5G11260	AT1G29920	1	AT-UU-RE-00-AA-01
AT5G11260	AT1G12370	1	AT-UU-RE-00-AA-01
AT5G11260	AT1G12110	1	AT-UU-RE-00-AA-01
AT5G10510	AT4G18960	1	AT-UU-RE-00-AA-01
AT5G11260	AT4G32880	1	AT-UU-RE-00-AA-01
AT5G11260	AT5G13930	1	AT-UU-RE-00-AA-01
AT5G14750	AT2G37260	1	AT-UU-RE-00-AA-01
AT5G13790	AT2G45830	1	AT-UU-RE-00-AA-01
AT5G14750	AT1G79840	1	AT-UU-RE-00-AA-01
AT5G14750	AT1G01380	1	AT-UU-RE-00-AA-01
AT5G14010	AT2G17950	1	AT-UU-RE-00-AA-01
AT5G13790	AT5G45890	1	AT-UU-RE-00-AA-01
AT5G13790	AT4G38680	1	AT-UU-RE-00-AA-01
AT5G13790	AT4G25470	1	AT-UU-RE-00-AA-01
AT5G13790	AT3G61250	1	AT-UU-RE-00-AA-01
AT5G13790	AT3G57390	1	AT-UU-RE-00-AA-01
AT5G13790	AT2G21060	1	AT-UU-RE-00-AA-01
AT5G11260	AT5G42800	1	AT-UU-RE-00-AA-01
AT5G13790	AT1G71830	1	AT-UU-RE-00-AA-01
AT5G13790	AT1G02400	1	AT-UU-RE-00-AA-01
AT5G12870	AT4G22680	1	AT-UU-RE-00-AA-01
AT5G12870	AT1G79180	1	AT-UU-RE-00-AA-01
AT5G12870	AT1G62990	1	AT-UU-RE-00-AA-01
AT5G12870	AT1G16490	1	AT-UU-RE-00-AA-01
AT5G11510	AT1G08560	1	AT-UU-RE-00-AA-01
AT5G11260	ATCG00270	1	AT-UU-RE-00-AA-01
AT3G18990	AT4G16845	1	AT-UU-RE-00-AA-01
AT3G18990	AT2G03220	1	AT-UU-RE-00-AA-01
AT3G18990	AT1G65480	1	AT-UU-RE-00-AA-01
AT1G53910	AT1G77120	1	AT-UU-RE-00-AA-01
AT1G54060	AT4G25140	1	AT-UU-RE-00-AA-01
AT1G54060	AT3G27660	1	AT-UU-RE-00-AA-01
AT1G54060	AT3G26790	1	AT-UU-RE-00-AA-01
AT1G54060	AT3G24650	1	AT-UU-RE-00-AA-01
AT1G54060	AT2G40220	1	AT-UU-RE-00-AA-01
AT1G54060	AT1G69180	1	AT-UU-RE-00-AA-01
AT1G54060	AT1G28300	1	AT-UU-RE-00-AA-01
AT1G54060	AT1G21970	1	AT-UU-RE-00-AA-01
AT1G53230	AT2G37630	1	AT-UU-RE-00-AA-01
AT1G54060	AT5G51210	1	AT-UU-RE-00-AA-01
AT1G53230	AT1G04240	1	AT-UU-RE-00-AA-01
AT1G52890	AT5G52300	1	AT-UU-RE-00-AA-01
AT1G52890	AT5G51070	1	AT-UU-RE-00-AA-01
AT1G52890	AT5G24780	1	AT-UU-RE-00-AA-01
AT1G52890	AT3G45140	1	AT-UU-RE-00-AA-01
AT1G52890	AT1G20440	1	AT-UU-RE-00-AA-01
AT1G52890	AT1G02930	1	AT-UU-RE-00-AA-01
AT1G54060	AT5G40420	1	AT-UU-RE-00-AA-01
AT1G55580	AT1G62360	1	AT-UU-RE-00-AA-01
AT1G51700	AT5G15840	1	AT-UU-RE-00-AA-01
AT1G56650	AT3G29590	1	AT-UU-RE-00-AA-01
AT1G56650	AT5G54060	1	AT-UU-RE-00-AA-01
AT1G56650	AT5G42800	1	AT-UU-RE-00-AA-01
AT1G56650	AT5G17220	1	AT-UU-RE-00-AA-01
AT1G56650	AT5G17050	1	AT-UU-RE-00-AA-01
AT1G56650	AT5G13930	1	AT-UU-RE-00-AA-01
AT1G56650	AT4G14090	1	AT-UU-RE-00-AA-01
AT1G56650	AT4G09820	1	AT-UU-RE-00-AA-01
AT1G56650	AT3G55120	1	AT-UU-RE-00-AA-01
AT1G56650	AT2G37260	1	AT-UU-RE-00-AA-01
AT1G55580	AT2G37630	1	AT-UU-RE-00-AA-01
AT1G56650	AT2G23000	1	AT-UU-RE-00-AA-01
AT1G56650	AT1G66390	1	AT-UU-RE-00-AA-01
AT1G56650	AT1G22640	1	AT-UU-RE-00-AA-01
AT1G56650	AT1G03940	1	AT-UU-RE-00-AA-01
AT1G56010	AT2G04160	1	AT-UU-RE-00-AA-01
AT1G55600	AT3G19700	1	AT-UU-RE-00-AA-01
AT1G55580	AT5G60690	1	AT-UU-RE-00-AA-01
AT1G55580	AT4G37750	1	AT-UU-RE-00-AA-01
AT1G52150	AT2G17950	1	AT-UU-RE-00-AA-01
AT1G47870	AT2G37640	1	AT-UU-RE-00-AA-01
AT1G62300	AT1G45145	1	AT-UU-RE-00-AA-01
AT1G32770	AT1G66230	1	AT-UU-RE-00-AA-01
AT1G32770	AT5G16600	1	AT-UU-RE-00-AA-01
AT1G32770	AT5G12870	1	AT-UU-RE-00-AA-01
AT1G32770	AT4G33450	1	AT-UU-RE-00-AA-01
AT1G32770	AT4G28500	1	AT-UU-RE-00-AA-01
AT1G32770	AT4G22680	1	AT-UU-RE-00-AA-01
AT1G32770	AT4G12350	1	AT-UU-RE-00-AA-01
AT1G32770	AT1G79180	1	AT-UU-RE-00-AA-01
AT1G32770	AT1G73410	1	AT-UU-RE-00-AA-01
AT1G32770	AT1G62990	1	AT-UU-RE-00-AA-01
AT1G33240	AT1G04110	1	AT-UU-RE-00-AA-01
AT1G32770	AT1G28470	1	AT-UU-RE-00-AA-01
AT1G32770	AT1G17950	1	AT-UU-RE-00-AA-01
AT1G32770	AT1G16490	1	AT-UU-RE-00-AA-01
AT1G32640	AT5G47220	1	AT-UU-RE-00-AA-01
AT1G32640	AT5G44420	1	AT-UU-RE-00-AA-01
AT1G32640	AT5G25610	1	AT-UU-RE-00-AA-01
AT1G32640	AT5G24780	1	AT-UU-RE-00-AA-01
AT1G32640	AT5G24770	1	AT-UU-RE-00-AA-01
AT1G32770	AT5G56110	1	AT-UU-RE-00-AA-01
AT1G34370	AT1G08430	1	AT-UU-RE-00-AA-01
AT1G46768	AT5G52310	1	AT-UU-RE-00-AA-01
AT1G42990	AT5G20990	1	AT-UU-RE-00-AA-01
AT1G46768	AT2G42540	1	AT-UU-RE-00-AA-01
AT1G45249	AT5G52310	1	AT-UU-RE-00-AA-01
AT1G45249	AT5G52300	1	AT-UU-RE-00-AA-01
AT1G45249	AT5G20830	1	AT-UU-RE-00-AA-01
AT1G45249	AT2G18050	1	AT-UU-RE-00-AA-01
AT1G45249	AT1G77120	1	AT-UU-RE-00-AA-01
AT1G42990	AT5G42020	1	AT-UU-RE-00-AA-01
AT1G42990	AT5G28540	1	AT-UU-RE-00-AA-01
AT1G42990	AT2G31955	1	AT-UU-RE-00-AA-01
AT1G34370	AT3G22200	1	AT-UU-RE-00-AA-01
AT1G42990	AT1G09080	1	AT-UU-RE-00-AA-01
AT1G35515	AT5G52310	1	AT-UU-RE-00-AA-01
AT1G35515	AT5G15960	1	AT-UU-RE-00-AA-01
AT1G35515	AT2G42540	1	AT-UU-RE-00-AA-01
AT1G35515	AT2G39030	1	AT-UU-RE-00-AA-01
AT1G35515	AT1G77120	1	AT-UU-RE-00-AA-01
AT1G34790	AT1G61720	1	AT-UU-RE-00-AA-01
AT1G34370	AT5G07440	1	AT-UU-RE-00-AA-01
AT1G62300	AT1G17420	1	AT-UU-RE-00-AA-01
AT1G62300	AT2G14610	1	AT-UU-RE-00-AA-01
AT1G32640	AT4G17490	1	AT-UU-RE-00-AA-01
AT1G69120	AT5G60910	1	AT-UU-RE-00-AA-01
AT1G69120	AT5G03840	1	AT-UU-RE-00-AA-01
AT1G69120	AT4G24540	1	AT-UU-RE-00-AA-01
AT1G69120	AT4G16280	1	AT-UU-RE-00-AA-01
AT1G69120	AT2G47730	1	AT-UU-RE-00-AA-01
AT1G69490	AT5G15970	1	AT-UU-RE-00-AA-01
AT1G69120	AT2G45660	1	AT-UU-RE-00-AA-01
AT1G69120	AT2G22540	1	AT-UU-RE-00-AA-01
AT1G69120	AT1G68480	1	AT-UU-RE-00-AA-01
AT1G69120	AT1G30950	1	AT-UU-RE-00-AA-01
AT1G68640	AT2G17950	1	AT-UU-RE-00-AA-01
AT1G67260	AT3G50660	1	AT-UU-RE-00-AA-01
AT1G66600	AT2G14610	1	AT-UU-RE-00-AA-01
AT1G69490	AT3G47340	1	AT-UU-RE-00-AA-01
AT1G69490	AT5G52310	1	AT-UU-RE-00-AA-01
AT1G66350	AT2G41940	1	AT-UU-RE-00-AA-01
AT1G71030	AT5G35550	1	AT-UU-RE-00-AA-01
AT1G71930	AT1G79180	1	AT-UU-RE-00-AA-01
AT1G71930	AT1G62990	1	AT-UU-RE-00-AA-01
AT1G71930	AT1G28470	1	AT-UU-RE-00-AA-01
AT1G71930	AT1G16490	1	AT-UU-RE-00-AA-01
AT1G71692	AT5G61850	1	AT-UU-RE-00-AA-01
AT1G71692	AT2G45660	1	AT-UU-RE-00-AA-01
AT1G71692	AT1G65480	1	AT-UU-RE-00-AA-01
AT1G71030	AT5G42800	1	AT-UU-RE-00-AA-01
AT1G69600	AT4G02380	1	AT-UU-RE-00-AA-01
AT1G71030	AT1G79840	1	AT-UU-RE-00-AA-01
AT1G71030	AT1G63650	1	AT-UU-RE-00-AA-01
AT1G71030	AT1G56650	1	AT-UU-RE-00-AA-01
AT1G70510	AT4G18960	1	AT-UU-RE-00-AA-01
AT1G69600	AT5G52310	1	AT-UU-RE-00-AA-01
AT1G69600	AT5G51070	1	AT-UU-RE-00-AA-01
AT1G69600	AT5G15970	1	AT-UU-RE-00-AA-01
AT1G69600	AT4G37370	1	AT-UU-RE-00-AA-01
AT1G66390	AT2G37260	1	AT-UU-RE-00-AA-01
AT1G65620	AT5G63090	1	AT-UU-RE-00-AA-01
AT1G62300	AT3G23430	1	AT-UU-RE-00-AA-01
AT1G62360	AT2G37630	1	AT-UU-RE-00-AA-01
AT1G63650	AT2G23550	1	AT-UU-RE-00-AA-01
AT1G63650	AT1G79840	1	AT-UU-RE-00-AA-01
AT1G63650	AT1G01380	1	AT-UU-RE-00-AA-01
AT1G62360	AT5G19040	1	AT-UU-RE-00-AA-01
AT1G62360	AT4G25420	1	AT-UU-RE-00-AA-01
AT1G62360	AT3G48100	1	AT-UU-RE-00-AA-01
AT1G62360	AT3G23630	1	AT-UU-RE-00-AA-01
AT1G62360	AT2G27250	1	AT-UU-RE-00-AA-01
AT1G63650	AT2G37260	1	AT-UU-RE-00-AA-01
AT1G62360	AT1G76420	1	AT-UU-RE-00-AA-01
AT1G62360	AT1G75820	1	AT-UU-RE-00-AA-01
AT1G62360	AT1G65620	1	AT-UU-RE-00-AA-01
AT1G62360	AT1G47990	1	AT-UU-RE-00-AA-01
AT1G62360	AT1G30950	1	AT-UU-RE-00-AA-01
AT1G62360	AT1G30040	1	AT-UU-RE-00-AA-01
AT1G62360	AT1G23380	1	AT-UU-RE-00-AA-01
AT1G62300	AT4G04450	1	AT-UU-RE-00-AA-01
AT1G63650	AT2G23580	1	AT-UU-RE-00-AA-01
AT1G63650	AT2G46410	1	AT-UU-RE-00-AA-01
AT1G65620	AT5G53950	1	AT-UU-RE-00-AA-01
AT1G65620	AT2G26580	1	AT-UU-RE-00-AA-01
AT1G65620	AT5G03680	1	AT-UU-RE-00-AA-01
AT1G65620	AT4G08150	1	AT-UU-RE-00-AA-01
AT1G65620	AT3G15170	1	AT-UU-RE-00-AA-01
AT1G65620	AT2G45190	1	AT-UU-RE-00-AA-01
AT1G65620	AT2G34710	1	AT-UU-RE-00-AA-01
AT1G65620	AT2G33860	1	AT-UU-RE-00-AA-01
AT1G65620	AT1G70510	1	AT-UU-RE-00-AA-01
AT1G63650	AT4G01060	1	AT-UU-RE-00-AA-01
AT1G65620	AT1G32240	1	AT-UU-RE-00-AA-01
AT1G65620	AT1G23380	1	AT-UU-RE-00-AA-01
AT1G63650	AT5G53200	1	AT-UU-RE-00-AA-01
AT1G63650	AT5G13930	1	AT-UU-RE-00-AA-01
AT1G63650	AT5G08640	1	AT-UU-RE-00-AA-01
AT1G63650	AT4G22880	1	AT-UU-RE-00-AA-01
AT1G63650	AT4G09820	1	AT-UU-RE-00-AA-01
AT1G32640	AT5G07100	1	AT-UU-RE-00-AA-01
AT1G32640	AT3G45140	1	AT-UU-RE-00-AA-01
AT3G17609	AT5G13930	1	AT-UU-RE-00-AA-01
AT1G13960	AT2G14610	1	AT-UU-RE-00-AA-01
AT1G14920	AT5G61850	1	AT-UU-RE-00-AA-01
AT1G14920	AT4G25420	1	AT-UU-RE-00-AA-01
AT1G14920	AT3G27920	1	AT-UU-RE-00-AA-01
AT1G14920	AT2G36270	1	AT-UU-RE-00-AA-01
AT1G14920	AT2G04240	1	AT-UU-RE-00-AA-01
AT1G14920	AT1G15550	1	AT-UU-RE-00-AA-01
AT1G14350	AT4G34160	1	AT-UU-RE-00-AA-01
AT1G14350	AT3G54180	1	AT-UU-RE-00-AA-01
AT1G12980	AT2G27250	1	AT-UU-RE-00-AA-01
AT1G15360	AT1G02205	1	AT-UU-RE-00-AA-01
AT1G12980	AT2G17950	1	AT-UU-RE-00-AA-01
AT1G12860	AT5G53210	1	AT-UU-RE-00-AA-01
AT1G12610	AT5G52310	1	AT-UU-RE-00-AA-01
AT1G12610	AT5G17490	1	AT-UU-RE-00-AA-01
AT1G12610	AT2G42540	1	AT-UU-RE-00-AA-01
AT1G12610	AT1G50960	1	AT-UU-RE-00-AA-01
AT1G10170	AT4G39030	1	AT-UU-RE-00-AA-01
AT1G10170	AT2G14610	1	AT-UU-RE-00-AA-01
AT1G15360	AT1G01120	1	AT-UU-RE-00-AA-01
AT1G15360	AT4G24510	1	AT-UU-RE-00-AA-01
AT1G09770	AT4G16890	1	AT-UU-RE-00-AA-01
AT1G18570	AT1G74100	1	AT-UU-RE-00-AA-01
AT1G19220	AT3G58190	1	AT-UU-RE-00-AA-01
AT1G19220	AT2G42430	1	AT-UU-RE-00-AA-01
AT1G19220	AT1G04240	1	AT-UU-RE-00-AA-01
AT1G18570	AT5G54810	1	AT-UU-RE-00-AA-01
AT1G18570	AT4G39980	1	AT-UU-RE-00-AA-01
AT1G18570	AT4G39950	1	AT-UU-RE-00-AA-01
AT1G18570	AT4G31500	1	AT-UU-RE-00-AA-01
AT1G18570	AT2G22330	1	AT-UU-RE-00-AA-01
AT1G16490	AT5G54160	1	AT-UU-RE-00-AA-01
AT1G16490	AT1G15950	1	AT-UU-RE-00-AA-01
AT1G16490	AT5G48930	1	AT-UU-RE-00-AA-01
AT1G16490	AT4G37970	1	AT-UU-RE-00-AA-01
AT1G16490	AT4G34050	1	AT-UU-RE-00-AA-01
AT1G16490	AT2G40890	1	AT-UU-RE-00-AA-01
AT1G16490	AT2G38080	1	AT-UU-RE-00-AA-01
AT1G16490	AT2G37040	1	AT-UU-RE-00-AA-01
AT1G16490	AT2G30490	1	AT-UU-RE-00-AA-01
AT1G16490	AT1G51680	1	AT-UU-RE-00-AA-01
AT1G10170	AT1G74710	1	AT-UU-RE-00-AA-01
AT1G09770	AT3G54180	1	AT-UU-RE-00-AA-01
AT1G19220	AT4G37650	1	AT-UU-RE-00-AA-01
AT1G01380	AT1G79840	1	AT-UU-RE-00-AA-01
AT1G06160	AT3G12500	1	AT-UU-RE-00-AA-01
AT1G04370	AT3G23240	1	AT-UU-RE-00-AA-01
AT1G04370	AT2G44840	1	AT-UU-RE-00-AA-01
AT1G02340	AT5G13930	1	AT-UU-RE-00-AA-01
AT1G02340	AT1G29910	1	AT-UU-RE-00-AA-01
AT1G01530	AT4G16280	1	AT-UU-RE-00-AA-01
AT1G01530	AT4G02560	1	AT-UU-RE-00-AA-01
AT1G01060	AT5G61380	1	AT-UU-RE-00-AA-01
AT1G07640	AT2G22330	1	AT-UU-RE-00-AA-01
AT1G01060	AT5G15840	1	AT-UU-RE-00-AA-01
AT1G01060	AT5G02810	1	AT-UU-RE-00-AA-01
AT1G01060	AT2G46790	1	AT-UU-RE-00-AA-01
AT1G01060	AT2G40080	1	AT-UU-RE-00-AA-01
AT1G01060	AT2G21660	1	AT-UU-RE-00-AA-01
AT1G01060	AT1G65480	1	AT-UU-RE-00-AA-01
AT1G01060	AT1G32900	1	AT-UU-RE-00-AA-01
AT1G06160	AT5G44420	1	AT-UU-RE-00-AA-01
AT1G07640	AT3G56970	1	AT-UU-RE-00-AA-01
AT1G09770	AT2G27250	1	AT-UU-RE-00-AA-01
AT1G09530	AT3G51240	1	AT-UU-RE-00-AA-01
AT1G09770	AT2G17950	1	AT-UU-RE-00-AA-01
AT1G09770	AT1G75820	1	AT-UU-RE-00-AA-01
AT1G09770	AT1G62360	1	AT-UU-RE-00-AA-01
AT1G09530	AT5G42800	1	AT-UU-RE-00-AA-01
AT1G09530	AT5G13930	1	AT-UU-RE-00-AA-01
AT1G09530	AT5G13630	1	AT-UU-RE-00-AA-01
AT1G09530	AT4G22880	1	AT-UU-RE-00-AA-01
AT1G09530	AT4G14690	1	AT-UU-RE-00-AA-01
AT1G09530	AT2G46830	1	AT-UU-RE-00-AA-01
AT1G07640	AT3G56980	1	AT-UU-RE-00-AA-01
AT1G09530	AT2G30570	1	AT-UU-RE-00-AA-01
AT1G09530	AT2G18790	1	AT-UU-RE-00-AA-01
AT1G09530	AT1G44446	1	AT-UU-RE-00-AA-01
AT1G09530	AT1G29930	1	AT-UU-RE-00-AA-01
AT1G09530	AT1G01060	1	AT-UU-RE-00-AA-01
AT1G07640	AT5G23010	1	AT-UU-RE-00-AA-01
AT1G07640	AT4G39950	1	AT-UU-RE-00-AA-01
AT1G07640	AT4G31500	1	AT-UU-RE-00-AA-01
AT1G19220	AT4G14550	1	AT-UU-RE-00-AA-01
AT1G19350	AT2G20570	1	AT-UU-RE-00-AA-01
AT1G32640	AT3G23240	1	AT-UU-RE-00-AA-01
AT1G28300	AT3G62100	1	AT-UU-RE-00-AA-01
AT1G30210	AT3G54710	1	AT-UU-RE-00-AA-01
AT1G30210	AT2G31270	1	AT-UU-RE-00-AA-01
AT1G28300	AT5G65165	1	AT-UU-RE-00-AA-01
AT1G28300	AT5G13790	1	AT-UU-RE-00-AA-01
AT1G28300	AT5G11320	1	AT-UU-RE-00-AA-01
AT1G28300	AT4G27160	1	AT-UU-RE-00-AA-01
AT1G28300	AT4G14560	1	AT-UU-RE-00-AA-01
AT1G28300	AT4G13260	1	AT-UU-RE-00-AA-01
AT1G28300	AT3G54320	1	AT-UU-RE-00-AA-01
AT1G30490	AT2G17950	1	AT-UU-RE-00-AA-01
AT1G28300	AT3G26790	1	AT-UU-RE-00-AA-01
AT1G28300	AT3G24650	1	AT-UU-RE-00-AA-01
AT1G28300	AT2G36270	1	AT-UU-RE-00-AA-01
AT1G28300	AT2G22810	1	AT-UU-RE-00-AA-01
AT1G28300	AT1G80340	1	AT-UU-RE-00-AA-01
AT1G28300	AT1G04250	1	AT-UU-RE-00-AA-01
AT1G27730	AT5G52310	1	AT-UU-RE-00-AA-01
AT1G27730	AT4G25100	1	AT-UU-RE-00-AA-01
AT1G30330	AT2G44810	1	AT-UU-RE-00-AA-01
AT1G30490	AT5G16560	1	AT-UU-RE-00-AA-01
AT1G27730	AT1G19180	1	AT-UU-RE-00-AA-01
AT1G32640	AT1G72260	1	AT-UU-RE-00-AA-01
AT1G32640	AT3G16470	1	AT-UU-RE-00-AA-01
AT1G32640	AT3G15210	1	AT-UU-RE-00-AA-01
AT1G32640	AT3G12500	1	AT-UU-RE-00-AA-01
AT1G32640	AT3G04720	1	AT-UU-RE-00-AA-01
AT1G32640	AT2G46340	1	AT-UU-RE-00-AA-01
AT1G32640	AT2G24850	1	AT-UU-RE-00-AA-01
AT1G32640	AT2G14610	1	AT-UU-RE-00-AA-01
AT1G32640	AT1G77120	1	AT-UU-RE-00-AA-01
AT1G32640	AT1G67090	1	AT-UU-RE-00-AA-01
AT1G32330	AT2G26150	1	AT-UU-RE-00-AA-01
AT1G32640	AT1G33760	1	AT-UU-RE-00-AA-01
AT1G32640	AT1G29930	1	AT-UU-RE-00-AA-01
AT1G32640	AT1G28370	1	AT-UU-RE-00-AA-01
AT1G32640	AT1G27730	1	AT-UU-RE-00-AA-01
AT1G32640	AT1G19180	1	AT-UU-RE-00-AA-01
AT1G32640	AT1G18570	1	AT-UU-RE-00-AA-01
AT1G32640	AT1G17420	1	AT-UU-RE-00-AA-01
AT1G32540	AT1G08830	1	AT-UU-RE-00-AA-01
AT1G27730	AT3G09640	1	AT-UU-RE-00-AA-01
AT1G27730	AT1G17420	1	AT-UU-RE-00-AA-01
AT1G19350	AT2G43060	1	AT-UU-RE-00-AA-01
AT1G19850	AT4G11280	1	AT-UU-RE-00-AA-01
AT1G21970	AT2G41260	1	AT-UU-RE-00-AA-01
AT1G21970	AT2G36270	1	AT-UU-RE-00-AA-01
AT1G21970	AT2G17090	1	AT-UU-RE-00-AA-01
AT1G21970	AT1G62290	1	AT-UU-RE-00-AA-01
AT1G21970	AT1G28300	1	AT-UU-RE-00-AA-01
AT1G21970	AT1G06180	1	AT-UU-RE-00-AA-01
AT1G19850	AT4G37770	1	AT-UU-RE-00-AA-01
AT1G19850	AT4G32880	1	AT-UU-RE-00-AA-01
AT1G19850	AT3G20840	1	AT-UU-RE-00-AA-01
AT1G21970	AT3G26790	1	AT-UU-RE-00-AA-01
AT1G19850	AT1G73590	1	AT-UU-RE-00-AA-01
AT1G19850	AT1G12980	1	AT-UU-RE-00-AA-01
AT1G19850	AT1G04550	1	AT-UU-RE-00-AA-01
AT1G19850	AT1G01480	1	AT-UU-RE-00-AA-01
AT1G19350	AT5G57560	1	AT-UU-RE-00-AA-01
AT1G19350	AT5G44190	1	AT-UU-RE-00-AA-01
AT1G19350	AT5G10140	1	AT-UU-RE-00-AA-01
AT1G19350	AT4G38850	1	AT-UU-RE-00-AA-01
AT1G21970	AT3G24650	1	AT-UU-RE-00-AA-01
AT1G21970	AT3G51810	1	AT-UU-RE-00-AA-01
AT1G27730	AT1G07890	1	AT-UU-RE-00-AA-01
AT1G26945	AT1G02340	1	AT-UU-RE-00-AA-01
AT1G26870	AT1G79580	1	AT-UU-RE-00-AA-01
AT1G26310	AT5G03840	1	AT-UU-RE-00-AA-01
AT1G26310	AT1G69120	1	AT-UU-RE-00-AA-01
AT1G25560	AT1G65480	1	AT-UU-RE-00-AA-01
AT1G24590	AT3G15170	1	AT-UU-RE-00-AA-01
AT1G24260	AT3G54340	1	AT-UU-RE-00-AA-01
AT1G21970	AT3G54320	1	AT-UU-RE-00-AA-01
AT1G24260	AT2G22540	1	AT-UU-RE-00-AA-01
AT1G24260	AT2G17950	1	AT-UU-RE-00-AA-01
AT1G24260	AT1G69120	1	AT-UU-RE-00-AA-01
AT1G22070	AT2G14610	1	AT-UU-RE-00-AA-01
AT1G21970	AT5G66400	1	AT-UU-RE-00-AA-01
AT1G21970	AT4G27160	1	AT-UU-RE-00-AA-01
AT1G71930	AT2G38080	1	AT-UU-RE-00-AA-01
AT1G71930	AT5G12870	1	AT-UU-RE-00-AA-01
AT1G71930	AT5G17420	1	AT-UU-RE-00-AA-01
AT2G40220	AT4G27160	1	AT-UU-RE-00-AA-01
AT2G43010	AT1G29910	1	AT-UU-RE-00-AA-01
AT2G42830	AT5G67110	1	AT-UU-RE-00-AA-01
AT2G42830	AT4G00120	1	AT-UU-RE-00-AA-01
AT2G42200	AT5G53200	1	AT-UU-RE-00-AA-01
AT2G42200	AT2G30432	1	AT-UU-RE-00-AA-01
AT2G40950	AT2G46680	1	AT-UU-RE-00-AA-01
AT2G40220	AT5G65165	1	AT-UU-RE-00-AA-01
AT2G40220	AT5G03650	1	AT-UU-RE-00-AA-01
AT2G40220	AT3G24650	1	AT-UU-RE-00-AA-01
AT2G43010	AT5G13930	1	AT-UU-RE-00-AA-01
AT2G40220	AT2G36270	1	AT-UU-RE-00-AA-01
AT2G40220	AT2G19450	1	AT-UU-RE-00-AA-01
AT2G40220	AT1G69180	1	AT-UU-RE-00-AA-01
AT2G38470	AT5G60890	1	AT-UU-RE-00-AA-01
AT2G38470	AT5G07100	1	AT-UU-RE-00-AA-01
AT2G38470	AT3G52430	1	AT-UU-RE-00-AA-01
AT2G38470	AT3G26830	1	AT-UU-RE-00-AA-01
AT2G38470	AT3G23240	1	AT-UU-RE-00-AA-01
AT2G43010	AT4G14130	1	AT-UU-RE-00-AA-01
AT2G43010	AT5G59320	1	AT-UU-RE-00-AA-01
AT2G38470	AT3G12500	1	AT-UU-RE-00-AA-01
AT2G46410	AT2G37260	1	AT-UU-RE-00-AA-01
AT2G46770	AT1G62990	1	AT-UU-RE-00-AA-01
AT2G46770	AT1G28470	1	AT-UU-RE-00-AA-01
AT2G46770	AT1G16490	1	AT-UU-RE-00-AA-01
AT2G46680	AT2G33380	1	AT-UU-RE-00-AA-01
AT2G46410	AT5G53200	1	AT-UU-RE-00-AA-01
AT2G46410	AT1G79840	1	AT-UU-RE-00-AA-01
AT2G45190	AT1G69120	1	AT-UU-RE-00-AA-01
AT2G46270	AT4G10040	1	AT-UU-RE-00-AA-01
AT2G45660	AT5G61850	1	AT-UU-RE-00-AA-01
AT2G45660	AT1G24260	1	AT-UU-RE-00-AA-01
AT2G45190	AT5G60910	1	AT-UU-RE-00-AA-01
AT2G45190	AT4G18960	1	AT-UU-RE-00-AA-01
AT2G45190	AT2G42830	1	AT-UU-RE-00-AA-01
AT2G45190	AT2G34710	1	AT-UU-RE-00-AA-01
AT2G38470	AT3G15210	1	AT-UU-RE-00-AA-01
AT2G38470	AT2G14610	1	AT-UU-RE-00-AA-01
AT2G46770	AT4G33450	1	AT-UU-RE-00-AA-01
AT2G34710	AT2G17950	1	AT-UU-RE-00-AA-01
AT2G36270	AT2G40170	1	AT-UU-RE-00-AA-01
AT2G36010	AT5G24330	1	AT-UU-RE-00-AA-01
AT2G36010	AT5G22220	1	AT-UU-RE-00-AA-01
AT2G36010	AT3G54180	1	AT-UU-RE-00-AA-01
AT2G36010	AT2G31650	1	AT-UU-RE-00-AA-01
AT2G34710	AT5G16560	1	AT-UU-RE-00-AA-01
AT2G34710	AT3G52770	1	AT-UU-RE-00-AA-01
AT2G36270	AT3G11410	1	AT-UU-RE-00-AA-01
AT2G33880	AT3G11260	1	AT-UU-RE-00-AA-01
AT2G33880	AT2G17950	1	AT-UU-RE-00-AA-01
AT2G33860	AT5G20930	1	AT-UU-RE-00-AA-01
AT2G33860	AT4G36930	1	AT-UU-RE-00-AA-01
AT2G33860	AT2G45190	1	AT-UU-RE-00-AA-01
AT2G33835	AT5G10140	1	AT-UU-RE-00-AA-01
AT2G33810	AT5G61850	1	AT-UU-RE-00-AA-01
AT2G33810	AT5G60910	1	AT-UU-RE-00-AA-01
AT2G36270	AT2G41940	1	AT-UU-RE-00-AA-01
AT2G36270	AT3G51810	1	AT-UU-RE-00-AA-01
AT2G38470	AT1G06160	1	AT-UU-RE-00-AA-01
AT2G37630	AT2G26580	1	AT-UU-RE-00-AA-01
AT2G37630	AT5G63090	1	AT-UU-RE-00-AA-01
AT2G37630	AT5G53950	1	AT-UU-RE-00-AA-01
AT2G37630	AT5G03680	1	AT-UU-RE-00-AA-01
AT2G37630	AT4G08150	1	AT-UU-RE-00-AA-01
AT2G37630	AT3G15170	1	AT-UU-RE-00-AA-01
AT2G37630	AT2G45190	1	AT-UU-RE-00-AA-01
AT2G37630	AT2G34710	1	AT-UU-RE-00-AA-01
AT2G37630	AT2G33860	1	AT-UU-RE-00-AA-01
AT2G37630	AT1G70510	1	AT-UU-RE-00-AA-01
AT2G36270	AT4G16160	1	AT-UU-RE-00-AA-01
AT2G37630	AT1G32240	1	AT-UU-RE-00-AA-01
AT2G37630	AT1G23380	1	AT-UU-RE-00-AA-01
AT2G37260	AT1G79840	1	AT-UU-RE-00-AA-01
AT2G36890	AT5G53950	1	AT-UU-RE-00-AA-01
AT2G36890	AT1G44575	1	AT-UU-RE-00-AA-01
AT2G36270	AT5G66400	1	AT-UU-RE-00-AA-01
AT2G36270	AT5G65165	1	AT-UU-RE-00-AA-01
AT2G46770	AT1G79180	1	AT-UU-RE-00-AA-01
AT2G46770	AT5G12870	1	AT-UU-RE-00-AA-01
AT1G71930	AT5G56110	1	AT-UU-RE-00-AA-01
AT3G13890	AT2G46770	1	AT-UU-RE-00-AA-01
AT3G15170	AT1G76420	1	AT-UU-RE-00-AA-01
AT3G15170	AT1G62360	1	AT-UU-RE-00-AA-01
AT3G15170	AT1G55580	1	AT-UU-RE-00-AA-01
AT3G15170	AT1G23380	1	AT-UU-RE-00-AA-01
AT3G13890	AT5G54690	1	AT-UU-RE-00-AA-01
AT3G13890	AT5G17420	1	AT-UU-RE-00-AA-01
AT3G13890	AT4G18780	1	AT-UU-RE-00-AA-01
AT3G13890	AT3G61910	1	AT-UU-RE-00-AA-01
AT3G13890	AT2G38080	1	AT-UU-RE-00-AA-01
AT3G15170	AT3G23290	1	AT-UU-RE-00-AA-01
AT3G13540	AT2G37260	1	AT-UU-RE-00-AA-01
AT3G13540	AT2G23580	1	AT-UU-RE-00-AA-01
AT3G13540	AT2G23550	1	AT-UU-RE-00-AA-01
AT3G13540	AT1G79840	1	AT-UU-RE-00-AA-01
AT3G13540	AT1G71030	1	AT-UU-RE-00-AA-01
AT3G12250	AT5G44420	1	AT-UU-RE-00-AA-01
AT3G12250	AT2G14610	1	AT-UU-RE-00-AA-01
AT3G11440	AT2G16910	1	AT-UU-RE-00-AA-01
AT3G15170	AT2G31160	1	AT-UU-RE-00-AA-01
AT3G15210	AT3G12500	1	AT-UU-RE-00-AA-01
AT3G07650	AT5G15840	1	AT-UU-RE-00-AA-01
AT3G16770	AT3G23240	1	AT-UU-RE-00-AA-01
AT3G17609	AT3G47430	1	AT-UU-RE-00-AA-01
AT3G17609	AT3G22840	1	AT-UU-RE-00-AA-01
AT3G17609	AT1G37130	1	AT-UU-RE-00-AA-01
AT3G17609	AT1G12370	1	AT-UU-RE-00-AA-01
AT3G17609	AT1G12110	1	AT-UU-RE-00-AA-01
AT3G16857	AT5G62920	1	AT-UU-RE-00-AA-01
AT3G16770	AT5G44420	1	AT-UU-RE-00-AA-01
AT3G16770	AT2G47730	1	AT-UU-RE-00-AA-01
AT3G15210	AT5G44420	1	AT-UU-RE-00-AA-01
AT3G15510	AT4G33150	1	AT-UU-RE-00-AA-01
AT3G15510	AT1G11840	1	AT-UU-RE-00-AA-01
AT3G15500	AT5G51070	1	AT-UU-RE-00-AA-01
AT3G15500	AT5G24780	1	AT-UU-RE-00-AA-01
AT3G15500	AT3G45140	1	AT-UU-RE-00-AA-01
AT3G15210	AT5G66400	1	AT-UU-RE-00-AA-01
AT3G15210	AT5G57050	1	AT-UU-RE-00-AA-01
AT3G15210	AT5G52300	1	AT-UU-RE-00-AA-01
AT3G10800	AT5G42020	1	AT-UU-RE-00-AA-01
AT3G07650	AT1G65480	1	AT-UU-RE-00-AA-01
AT2G46770	AT5G56110	1	AT-UU-RE-00-AA-01
AT2G46830	AT2G46790	1	AT-UU-RE-00-AA-01
AT2G46830	AT5G49450	1	AT-UU-RE-00-AA-01
AT2G46830	AT5G18170	1	AT-UU-RE-00-AA-01
AT2G46830	AT5G15840	1	AT-UU-RE-00-AA-01
AT2G46830	AT5G02810	1	AT-UU-RE-00-AA-01
AT2G46830	AT3G59060	1	AT-UU-RE-00-AA-01
AT2G46830	AT3G47340	1	AT-UU-RE-00-AA-01
AT2G46830	AT3G17820	1	AT-UU-RE-00-AA-01
AT2G46830	AT2G43010	1	AT-UU-RE-00-AA-01
AT2G46830	AT5G57360	1	AT-UU-RE-00-AA-01
AT2G46830	AT2G40080	1	AT-UU-RE-00-AA-01
AT2G46830	AT2G21660	1	AT-UU-RE-00-AA-01
AT2G46830	AT1G65480	1	AT-UU-RE-00-AA-01
AT2G46830	AT1G32900	1	AT-UU-RE-00-AA-01
AT2G46830	AT1G29930	1	AT-UU-RE-00-AA-01
AT2G46830	AT1G22770	1	AT-UU-RE-00-AA-01
AT2G46830	AT1G04400	1	AT-UU-RE-00-AA-01
AT2G46830	AT1G01060	1	AT-UU-RE-00-AA-01
AT2G46830	AT5G52310	1	AT-UU-RE-00-AA-01
AT2G46830	AT5G61380	1	AT-UU-RE-00-AA-01
AT3G04670	AT3G24500	1	AT-UU-RE-00-AA-01
AT3G01470	AT1G07900	1	AT-UU-RE-00-AA-01
AT3G04670	AT2G14610	1	AT-UU-RE-00-AA-01
AT3G03450	AT2G41940	1	AT-UU-RE-00-AA-01
AT3G03450	AT2G36270	1	AT-UU-RE-00-AA-01
AT3G03450	AT2G27300	1	AT-UU-RE-00-AA-01
AT3G03450	AT2G04240	1	AT-UU-RE-00-AA-01
AT3G02990	AT2G26150	1	AT-UU-RE-00-AA-01
AT3G01470	AT2G19590	1	AT-UU-RE-00-AA-01
AT3G01140	AT1G01510	1	AT-UU-RE-00-AA-01
AT2G46870	AT3G58780	1	AT-UU-RE-00-AA-01
AT2G47460	AT5G13930	1	AT-UU-RE-00-AA-01
AT2G47460	AT5G08640	1	AT-UU-RE-00-AA-01
AT2G47460	AT4G15480	1	AT-UU-RE-00-AA-01
AT2G47460	AT3G51240	1	AT-UU-RE-00-AA-01
AT2G47190	AT5G25610	1	AT-UU-RE-00-AA-01
AT2G47190	AT1G77120	1	AT-UU-RE-00-AA-01
AT2G46970	AT2G46790	1	AT-UU-RE-00-AA-01
AT2G46970	AT1G02340	1	AT-UU-RE-00-AA-01
AT2G33810	AT1G69120	1	AT-UU-RE-00-AA-01
AT2G30432	AT3G27920	1	AT-UU-RE-00-AA-01
AT2G30250	AT5G62020	1	AT-UU-RE-00-AA-01
AT2G01570	AT5G61420	1	AT-UU-RE-00-AA-01
AT2G16910	AT1G67990	1	AT-UU-RE-00-AA-01
AT2G16910	AT1G66850	1	AT-UU-RE-00-AA-01
AT2G16910	AT1G59740	1	AT-UU-RE-00-AA-01
AT2G16910	AT1G13140	1	AT-UU-RE-00-AA-01
AT2G03340	AT1G62300	1	AT-UU-RE-00-AA-01
AT2G03340	AT1G17420	1	AT-UU-RE-00-AA-01
AT2G02450	AT5G15840	1	AT-UU-RE-00-AA-01
AT2G01930	AT4G09960	1	AT-UU-RE-00-AA-01
AT2G01570	AT5G49450	1	AT-UU-RE-00-AA-01
AT2G16910	AT1G75790	1	AT-UU-RE-00-AA-01
AT2G01570	AT5G41315	1	AT-UU-RE-00-AA-01
AT2G01570	AT5G22920	1	AT-UU-RE-00-AA-01
AT2G01570	AT4G25420	1	AT-UU-RE-00-AA-01
AT2G01570	AT3G62230	1	AT-UU-RE-00-AA-01
AT2G01570	AT3G58070	1	AT-UU-RE-00-AA-01
AT2G01570	AT3G30775	1	AT-UU-RE-00-AA-01
AT2G01570	AT3G27920	1	AT-UU-RE-00-AA-01
AT2G01570	AT2G41940	1	AT-UU-RE-00-AA-01
AT2G16910	AT1G73220	1	AT-UU-RE-00-AA-01
AT2G16910	AT1G75920	1	AT-UU-RE-00-AA-01
AT2G01570	AT2G22300	1	AT-UU-RE-00-AA-01
AT2G17950	AT2G27250	1	AT-UU-RE-00-AA-01
AT2G20180	AT1G08980	1	AT-UU-RE-00-AA-01
AT2G20180	AT1G03790	1	AT-UU-RE-00-AA-01
AT2G20180	AT1G03630	1	AT-UU-RE-00-AA-01
AT2G20180	AT1G03430	1	AT-UU-RE-00-AA-01
AT2G17950	AT5G62920	1	AT-UU-RE-00-AA-01
AT2G17950	AT4G37750	1	AT-UU-RE-00-AA-01
AT2G17950	AT3G48100	1	AT-UU-RE-00-AA-01
AT2G17950	AT1G74890	1	AT-UU-RE-00-AA-01
AT2G16910	AT3G13220	1	AT-UU-RE-00-AA-01
AT2G17950	AT1G62360	1	AT-UU-RE-00-AA-01
AT2G17950	AT1G21970	1	AT-UU-RE-00-AA-01
AT2G17950	AT1G19050	1	AT-UU-RE-00-AA-01
AT2G16910	AT5G49070	1	AT-UU-RE-00-AA-01
AT2G16910	AT5G17050	1	AT-UU-RE-00-AA-01
AT2G16910	AT4G00040	1	AT-UU-RE-00-AA-01
AT2G16910	AT3G51590	1	AT-UU-RE-00-AA-01
AT2G16910	AT3G28740	1	AT-UU-RE-00-AA-01
AT2G01570	AT2G36270	1	AT-UU-RE-00-AA-01
AT2G01570	AT2G04240	1	AT-UU-RE-00-AA-01
AT2G30250	AT4G36990	1	AT-UU-RE-00-AA-01
AT1G73730	AT5G60890	1	AT-UU-RE-00-AA-01
AT1G75080	AT5G39860	1	AT-UU-RE-00-AA-01
AT1G75080	AT5G05690	1	AT-UU-RE-00-AA-01
AT1G75080	AT4G38850	1	AT-UU-RE-00-AA-01
AT1G75080	AT3G50660	1	AT-UU-RE-00-AA-01
AT1G75080	AT2G43060	1	AT-UU-RE-00-AA-01
AT1G74930	AT1G17420	1	AT-UU-RE-00-AA-01
AT1G73730	AT5G43780	1	AT-UU-RE-00-AA-01
AT1G77850	AT5G54510	1	AT-UU-RE-00-AA-01
AT1G73730	AT4G39950	1	AT-UU-RE-00-AA-01
AT1G73730	AT4G31500	1	AT-UU-RE-00-AA-01
AT1G73730	AT3G56040	1	AT-UU-RE-00-AA-01
AT1G73730	AT3G19710	1	AT-UU-RE-00-AA-01
AT1G73730	AT2G22330	1	AT-UU-RE-00-AA-01
AT1G73730	AT1G78000	1	AT-UU-RE-00-AA-01
AT1G73730	AT1G16410	1	AT-UU-RE-00-AA-01
AT1G73730	AT1G16400	1	AT-UU-RE-00-AA-01
AT1G77850	AT4G27260	1	AT-UU-RE-00-AA-01
AT1G78600	AT1G56650	1	AT-UU-RE-00-AA-01
AT2G01570	AT1G70510	1	AT-UU-RE-00-AA-01
AT2G01570	AT1G15550	1	AT-UU-RE-00-AA-01
AT2G01570	AT1G04310	1	AT-UU-RE-00-AA-01
AT2G01500	AT4G18960	1	AT-UU-RE-00-AA-01
AT1G79840	AT3G16785	1	AT-UU-RE-00-AA-01
AT1G79840	AT1G53500	1	AT-UU-RE-00-AA-01
AT1G79840	AT1G12560	1	AT-UU-RE-00-AA-01
AT1G79180	AT5G54160	1	AT-UU-RE-00-AA-01
AT1G79180	AT1G15950	1	AT-UU-RE-00-AA-01
AT1G79180	AT5G48930	1	AT-UU-RE-00-AA-01
AT1G79180	AT4G37970	1	AT-UU-RE-00-AA-01
AT1G79180	AT4G34050	1	AT-UU-RE-00-AA-01
AT1G79180	AT2G40890	1	AT-UU-RE-00-AA-01
AT1G79180	AT2G38080	1	AT-UU-RE-00-AA-01
AT1G79180	AT2G37040	1	AT-UU-RE-00-AA-01
AT1G79180	AT2G30490	1	AT-UU-RE-00-AA-01
AT1G79180	AT1G51680	1	AT-UU-RE-00-AA-01
AT2G20180	AT1G14920	1	AT-UU-RE-00-AA-01
AT2G20180	AT1G15550	1	AT-UU-RE-00-AA-01
AT2G20180	AT1G19180	1	AT-UU-RE-00-AA-01
AT2G24570	AT2G40750	1	AT-UU-RE-00-AA-01
AT2G26150	AT2G47180	1	AT-UU-RE-00-AA-01
AT2G26150	AT1G74310	1	AT-UU-RE-00-AA-01
AT2G26150	AT1G60470	1	AT-UU-RE-00-AA-01
AT2G26150	AT1G56600	1	AT-UU-RE-00-AA-01
AT2G24570	AT5G42650	1	AT-UU-RE-00-AA-01
AT2G24570	AT3G56400	1	AT-UU-RE-00-AA-01
AT2G24570	AT3G45140	1	AT-UU-RE-00-AA-01
AT2G23760	AT4G08150	1	AT-UU-RE-00-AA-01
AT2G26150	AT3G22840	1	AT-UU-RE-00-AA-01
AT2G22770	AT3G16430	1	AT-UU-RE-00-AA-01
AT2G22770	AT3G16420	1	AT-UU-RE-00-AA-01
AT2G22770	AT3G15950	1	AT-UU-RE-00-AA-01
AT2G22770	AT3G09260	1	AT-UU-RE-00-AA-01
AT2G22770	AT2G39330	1	AT-UU-RE-00-AA-01
AT2G22770	AT2G39310	1	AT-UU-RE-00-AA-01
AT2G22630	AT5G61850	1	AT-UU-RE-00-AA-01
AT2G22630	AT1G69120	1	AT-UU-RE-00-AA-01
AT2G26150	AT3G09640	1	AT-UU-RE-00-AA-01
AT2G26150	AT3G24500	1	AT-UU-RE-00-AA-01
AT2G20180	AT1G30040	1	AT-UU-RE-00-AA-01
AT2G28160	AT3G58810	1	AT-UU-RE-00-AA-01
AT2G30250	AT2G26150	1	AT-UU-RE-00-AA-01
AT2G30250	AT2G14610	1	AT-UU-RE-00-AA-01
AT2G30250	AT1G74310	1	AT-UU-RE-00-AA-01
AT2G28610	AT4G00180	1	AT-UU-RE-00-AA-01
AT2G28550	AT1G65480	1	AT-UU-RE-00-AA-01
AT2G28350	AT3G11260	1	AT-UU-RE-00-AA-01
AT2G28160	AT5G03570	1	AT-UU-RE-00-AA-01
AT2G28160	AT3G60330	1	AT-UU-RE-00-AA-01
AT2G28160	AT1G01580	1	AT-UU-RE-00-AA-01
AT2G26150	AT3G57520	1	AT-UU-RE-00-AA-01
AT2G27990	AT5G61850	1	AT-UU-RE-00-AA-01
AT2G27990	AT1G69120	1	AT-UU-RE-00-AA-01
AT2G27990	AT1G26310	1	AT-UU-RE-00-AA-01
AT2G27300	AT1G65480	1	AT-UU-RE-00-AA-01
AT2G27050	AT5G54190	1	AT-UU-RE-00-AA-01
AT2G27050	AT4G27440	1	AT-UU-RE-00-AA-01
AT2G27050	AT3G23240	1	AT-UU-RE-00-AA-01
AT2G27050	AT1G74710	1	AT-UU-RE-00-AA-01
AT2G22540	AT4G35900	1	AT-UU-RE-00-AA-01
AT2G22540	AT4G18960	1	AT-UU-RE-00-AA-01
AT2G22540	AT2G45660	1	AT-UU-RE-00-AA-01
AT2G20180	AT2G36270	1	AT-UU-RE-00-AA-01
AT2G20180	AT3G44320	1	AT-UU-RE-00-AA-01
AT2G20180	AT3G44310	1	AT-UU-RE-00-AA-01
AT2G20180	AT3G24650	1	AT-UU-RE-00-AA-01
AT2G20180	AT3G24220	1	AT-UU-RE-00-AA-01
AT2G20180	AT3G11540	1	AT-UU-RE-00-AA-01
AT2G20180	AT3G05120	1	AT-UU-RE-00-AA-01
AT2G20180	AT3G04730	1	AT-UU-RE-00-AA-01
AT2G20180	AT2G40220	1	AT-UU-RE-00-AA-01
AT2G20180	AT2G29090	1	AT-UU-RE-00-AA-01
AT2G22540	AT1G65480	1	AT-UU-RE-00-AA-01
AT2G20180	AT2G01570	1	AT-UU-RE-00-AA-01
AT2G20180	AT1G80340	1	AT-UU-RE-00-AA-01
AT2G20180	AT1G78390	1	AT-UU-RE-00-AA-01
AT2G20180	AT1G72770	1	AT-UU-RE-00-AA-01
AT2G20180	AT1G69720	1	AT-UU-RE-00-AA-01
AT2G20180	AT1G69010	1	AT-UU-RE-00-AA-01
AT2G20180	AT1G66350	1	AT-UU-RE-00-AA-01
AT2G20180	AT1G52920	1	AT-UU-RE-00-AA-01
AT2G20180	AT3G50660	1	AT-UU-RE-00-AA-01
AT2G20180	AT3G61830	1	AT-UU-RE-00-AA-01
AT2G20180	AT4G11140	1	AT-UU-RE-00-AA-01
AT2G20180	AT4G18710	1	AT-UU-RE-00-AA-01
AT2G22540	AT1G26310	1	AT-UU-RE-00-AA-01
AT2G22300	AT4G25470	1	AT-UU-RE-00-AA-01
AT2G22300	AT3G48090	1	AT-UU-RE-00-AA-01
AT2G20180	AT5G67030	1	AT-UU-RE-00-AA-01
AT2G20180	AT5G66880	1	AT-UU-RE-00-AA-01
AT2G20180	AT5G54510	1	AT-UU-RE-00-AA-01
AT2G20180	AT5G54190	1	AT-UU-RE-00-AA-01
AT2G20180	AT5G53290	1	AT-UU-RE-00-AA-01
AT2G20180	AT5G42750	1	AT-UU-RE-00-AA-01
AT2G20180	AT5G27320	1	AT-UU-RE-00-AA-01
AT2G20180	AT5G20960	1	AT-UU-RE-00-AA-01
AT2G20180	AT5G08130	1	AT-UU-RE-00-AA-01
AT2G20180	AT4G39920	1	AT-UU-RE-00-AA-01
AT2G20180	AT4G27440	1	AT-UU-RE-00-AA-01
AT2G20180	AT4G26080	1	AT-UU-RE-00-AA-01
AT2G20180	AT4G23750	1	AT-UU-RE-00-AA-01
AT5G67420	AT4G09820	1	AT-UU-RE-00-AA-01
